{"assetCategories":{"3D plant":{"grass":{"wild":{}}}},"averageColor":"#000000","billboards":[{"bitDepth":32,"colorSpace":"sRGB","contentLength":146769578,"mimeType":"image\/x-exr","name":"Basecolor","physicalSize":"1x1","resolution":"8192x8192","tier":0,"type":"basecolor","uri":"tier_0\/vlkhcbxia_8K_Billboard_Basecolor.exr"},{"bitDepth":8,"colorSpace":"sRGB","contentLength":10142669,"mimeType":"image\/jpeg","name":"Basecolor","physicalSize":"1x1","resolution":"8192x8192","tier":0,"type":"basecolor","uri":"tier_0\/vlkhcbxia_8K_Billboard_Basecolor.jpg"},{"bitDepth":32,"colorSpace":"sRGB","contentLength":170837420,"mimeType":"image\/x-exr","name":"Basecolor","physicalSize":"1x1","resolution":"4096x4096","tier":1,"type":"basecolor","uri":"tier_1\/vlkhcbxia_4K_Billboard_Basecolor.exr"},{"bitDepth":8,"colorSpace":"sRGB","contentLength":4261694,"mimeType":"image\/jpeg","name":"Basecolor","physicalSize":"1x1","resolution":"4096x4096","tier":1,"type":"basecolor","uri":"tier_1\/vlkhcbxia_4K_Billboard_Basecolor.jpg"},{"bitDepth":32,"colorSpace":"sRGB","contentLength":44323320,"mimeType":"image\/x-exr","name":"Basecolor","physicalSize":"1x1","resolution":"2048x2048","tier":2,"type":"basecolor","uri":"tier_2\/vlkhcbxia_2K_Billboard_Basecolor.exr"},{"bitDepth":8,"colorSpace":"sRGB","contentLength":1305315,"mimeType":"image\/jpeg","name":"Basecolor","physicalSize":"1x1","resolution":"2048x2048","tier":2,"type":"basecolor","uri":"tier_2\/vlkhcbxia_2K_Billboard_Basecolor.jpg"},{"bitDepth":32,"colorSpace":"sRGB","contentLength":7872276,"mimeType":"image\/x-exr","name":"Basecolor","physicalSize":"1x1","resolution":"1024x1024","tier":3,"type":"basecolor","uri":"tier_3\/vlkhcbxia_1K_Billboard_Basecolor.exr"},{"bitDepth":8,"colorSpace":"sRGB","contentLength":394614,"mimeType":"image\/jpeg","name":"Basecolor","physicalSize":"1x1","resolution":"1024x1024","tier":3,"type":"basecolor","uri":"tier_3\/vlkhcbxia_1K_Billboard_Basecolor.jpg"},{"bitDepth":32,"colorSpace":"Linear","contentLength":6119511,"mimeType":"image\/x-exr","name":"Opacity","physicalSize":"1x1","resolution":"8192x8192","tier":0,"type":"opacity","uri":"tier_0\/vlkhcbxia_8K_Billboard_Opacity.exr"},{"bitDepth":8,"colorSpace":"Linear","contentLength":12625426,"mimeType":"image\/jpeg","name":"Opacity","physicalSize":"1x1","resolution":"8192x8192","tier":0,"type":"opacity","uri":"tier_0\/vlkhcbxia_8K_Billboard_Opacity.jpg"},{"bitDepth":32,"colorSpace":"Linear","contentLength":13310398,"mimeType":"image\/x-exr","name":"Opacity","physicalSize":"1x1","resolution":"4096x4096","tier":1,"type":"opacity","uri":"tier_1\/vlkhcbxia_4K_Billboard_Opacity.exr"},{"bitDepth":8,"colorSpace":"Linear","contentLength":4722900,"mimeType":"image\/jpeg","name":"Opacity","physicalSize":"1x1","resolution":"4096x4096","tier":1,"type":"opacity","uri":"tier_1\/vlkhcbxia_4K_Billboard_Opacity.jpg"},{"bitDepth":32,"colorSpace":"Linear","contentLength":3713030,"mimeType":"image\/x-exr","name":"Opacity","physicalSize":"1x1","resolution":"2048x2048","tier":2,"type":"opacity","uri":"tier_2\/vlkhcbxia_2K_Billboard_Opacity.exr"},{"bitDepth":8,"colorSpace":"Linear","contentLength":1659383,"mimeType":"image\/jpeg","name":"Opacity","physicalSize":"1x1","resolution":"2048x2048","tier":2,"type":"opacity","uri":"tier_2\/vlkhcbxia_2K_Billboard_Opacity.jpg"},{"bitDepth":32,"colorSpace":"Linear","contentLength":1058941,"mimeType":"image\/x-exr","name":"Opacity","physicalSize":"1x1","resolution":"1024x1024","tier":3,"type":"opacity","uri":"tier_3\/vlkhcbxia_1K_Billboard_Opacity.exr"},{"bitDepth":8,"colorSpace":"Linear","contentLength":547164,"mimeType":"image\/jpeg","name":"Opacity","physicalSize":"1x1","resolution":"1024x1024","tier":3,"type":"opacity","uri":"tier_3\/vlkhcbxia_1K_Billboard_Opacity.jpg"},{"bitDepth":32,"colorSpace":"Linear","contentLength":138641031,"mimeType":"image\/x-exr","name":"Normal","physicalSize":"1x1","resolution":"8192x8192","tier":0,"type":"normal","uri":"tier_0\/vlkhcbxia_8K_Billboard_Normal.exr"},{"bitDepth":8,"colorSpace":"Linear","contentLength":15056888,"mimeType":"image\/jpeg","name":"Normal","physicalSize":"1x1","resolution":"8192x8192","tier":0,"type":"normal","uri":"tier_0\/vlkhcbxia_8K_Billboard_Normal.jpg"},{"bitDepth":32,"colorSpace":"Linear","contentLength":157659483,"mimeType":"image\/x-exr","name":"Normal","physicalSize":"1x1","resolution":"4096x4096","tier":1,"type":"normal","uri":"tier_1\/vlkhcbxia_4K_Billboard_Normal.exr"},{"bitDepth":8,"colorSpace":"Linear","contentLength":6106240,"mimeType":"image\/jpeg","name":"Normal","physicalSize":"1x1","resolution":"4096x4096","tier":1,"type":"normal","uri":"tier_1\/vlkhcbxia_4K_Billboard_Normal.jpg"},{"bitDepth":32,"colorSpace":"Linear","contentLength":40461065,"mimeType":"image\/x-exr","name":"Normal","physicalSize":"1x1","resolution":"2048x2048","tier":2,"type":"normal","uri":"tier_2\/vlkhcbxia_2K_Billboard_Normal.exr"},{"bitDepth":8,"colorSpace":"Linear","contentLength":1804746,"mimeType":"image\/jpeg","name":"Normal","physicalSize":"1x1","resolution":"2048x2048","tier":2,"type":"normal","uri":"tier_2\/vlkhcbxia_2K_Billboard_Normal.jpg"},{"bitDepth":32,"colorSpace":"Linear","contentLength":7404454,"mimeType":"image\/x-exr","name":"Normal","physicalSize":"1x1","resolution":"1024x1024","tier":3,"type":"normal","uri":"tier_3\/vlkhcbxia_1K_Billboard_Normal.exr"},{"bitDepth":8,"colorSpace":"Linear","contentLength":541091,"mimeType":"image\/jpeg","name":"Normal","physicalSize":"1x1","resolution":"1024x1024","tier":3,"type":"normal","uri":"tier_3\/vlkhcbxia_1K_Billboard_Normal.jpg"},{"bitDepth":32,"colorSpace":"Linear","contentLength":18974979,"mimeType":"image\/x-exr","name":"Translucency","physicalSize":"1x1","resolution":"8192x8192","tier":0,"type":"translucency","uri":"tier_0\/vlkhcbxia_8K_Billboard_Translucency.exr"},{"bitDepth":8,"colorSpace":"Linear","contentLength":5714293,"mimeType":"image\/jpeg","name":"Translucency","physicalSize":"1x1","resolution":"8192x8192","tier":0,"type":"translucency","uri":"tier_0\/vlkhcbxia_8K_Billboard_Translucency.jpg"},{"bitDepth":32,"colorSpace":"Linear","contentLength":51494488,"mimeType":"image\/x-exr","name":"Translucency","physicalSize":"1x1","resolution":"4096x4096","tier":1,"type":"translucency","uri":"tier_1\/vlkhcbxia_4K_Billboard_Translucency.exr"},{"bitDepth":8,"colorSpace":"Linear","contentLength":3372043,"mimeType":"image\/jpeg","name":"Translucency","physicalSize":"1x1","resolution":"4096x4096","tier":1,"type":"translucency","uri":"tier_1\/vlkhcbxia_4K_Billboard_Translucency.jpg"},{"bitDepth":32,"colorSpace":"Linear","contentLength":13238358,"mimeType":"image\/x-exr","name":"Translucency","physicalSize":"1x1","resolution":"2048x2048","tier":2,"type":"translucency","uri":"tier_2\/vlkhcbxia_2K_Billboard_Translucency.exr"},{"bitDepth":8,"colorSpace":"Linear","contentLength":1024564,"mimeType":"image\/jpeg","name":"Translucency","physicalSize":"1x1","resolution":"2048x2048","tier":2,"type":"translucency","uri":"tier_2\/vlkhcbxia_2K_Billboard_Translucency.jpg"},{"bitDepth":32,"colorSpace":"Linear","contentLength":2409393,"mimeType":"image\/x-exr","name":"Translucency","physicalSize":"1x1","resolution":"1024x1024","tier":3,"type":"translucency","uri":"tier_3\/vlkhcbxia_1K_Billboard_Translucency.exr"},{"bitDepth":8,"colorSpace":"Linear","contentLength":309062,"mimeType":"image\/jpeg","name":"Translucency","physicalSize":"1x1","resolution":"1024x1024","tier":3,"type":"translucency","uri":"tier_3\/vlkhcbxia_1K_Billboard_Translucency.jpg"}],"categories":["3dplant","grass"],"comp_version":1,"environment":{"biome":"undefined","region":"Oceania"},"id":"vlkhcbxia","json":{"contentLength":63441,"uri":"vlkhcbxia.json"},"maps":[{"bitDepth":32,"colorSpace":"sRGB","contentLength":62733460,"mimeType":"image\/x-exr","name":"Cavity","physicalSize":"1x1","resolution":"8192x8192","tier":0,"type":"cavity","uri":"tier_0\/vlkhcbxia_8K_Cavity.exr"},{"bitDepth":8,"colorSpace":"sRGB","contentLength":5386394,"mimeType":"image\/jpeg","name":"Cavity","physicalSize":"1x1","resolution":"8192x8192","tier":0,"type":"cavity","uri":"tier_0\/vlkhcbxia_8K_Cavity.jpg"},{"bitDepth":32,"colorSpace":"sRGB","contentLength":51821185,"mimeType":"image\/x-exr","name":"Cavity","physicalSize":"1x1","resolution":"4096x4096","tier":1,"type":"cavity","uri":"tier_1\/vlkhcbxia_4K_Cavity.exr"},{"bitDepth":8,"colorSpace":"sRGB","contentLength":1919707,"mimeType":"image\/jpeg","name":"Cavity","physicalSize":"1x1","resolution":"4096x4096","tier":1,"type":"cavity","uri":"tier_1\/vlkhcbxia_4K_Cavity.jpg"},{"bitDepth":32,"colorSpace":"sRGB","contentLength":13427727,"mimeType":"image\/x-exr","name":"Cavity","physicalSize":"1x1","resolution":"2048x2048","tier":2,"type":"cavity","uri":"tier_2\/vlkhcbxia_2K_Cavity.exr"},{"bitDepth":8,"colorSpace":"sRGB","contentLength":669412,"mimeType":"image\/jpeg","name":"Cavity","physicalSize":"1x1","resolution":"2048x2048","tier":2,"type":"cavity","uri":"tier_2\/vlkhcbxia_2K_Cavity.jpg"},{"bitDepth":32,"colorSpace":"sRGB","contentLength":3459708,"mimeType":"image\/x-exr","name":"Cavity","physicalSize":"1x1","resolution":"1024x1024","tier":3,"type":"cavity","uri":"tier_3\/vlkhcbxia_1K_Cavity.exr"},{"bitDepth":8,"colorSpace":"sRGB","contentLength":232960,"mimeType":"image\/jpeg","name":"Cavity","physicalSize":"1x1","resolution":"1024x1024","tier":3,"type":"cavity","uri":"tier_3\/vlkhcbxia_1K_Cavity.jpg"},{"bitDepth":32,"colorSpace":"Linear","contentLength":297370966,"mimeType":"image\/x-exr","name":"Translucency","physicalSize":"1x1","resolution":"8192x8192","tier":0,"type":"translucency","uri":"tier_0\/vlkhcbxia_8K_Translucency.exr"},{"bitDepth":8,"colorSpace":"Linear","contentLength":11382815,"mimeType":"image\/jpeg","name":"Translucency","physicalSize":"1x1","resolution":"8192x8192","tier":0,"type":"translucency","uri":"tier_0\/vlkhcbxia_8K_Translucency.jpg"},{"bitDepth":32,"colorSpace":"Linear","contentLength":190099278,"mimeType":"image\/x-exr","name":"Translucency","physicalSize":"1x1","resolution":"4096x4096","tier":1,"type":"translucency","uri":"tier_1\/vlkhcbxia_4K_Translucency.exr"},{"bitDepth":8,"colorSpace":"Linear","contentLength":3939240,"mimeType":"image\/jpeg","name":"Translucency","physicalSize":"1x1","resolution":"4096x4096","tier":1,"type":"translucency","uri":"tier_1\/vlkhcbxia_4K_Translucency.jpg"},{"bitDepth":32,"colorSpace":"Linear","contentLength":47919975,"mimeType":"image\/x-exr","name":"Translucency","physicalSize":"1x1","resolution":"2048x2048","tier":2,"type":"translucency","uri":"tier_2\/vlkhcbxia_2K_Translucency.exr"},{"bitDepth":8,"colorSpace":"Linear","contentLength":1313985,"mimeType":"image\/jpeg","name":"Translucency","physicalSize":"1x1","resolution":"2048x2048","tier":2,"type":"translucency","uri":"tier_2\/vlkhcbxia_2K_Translucency.jpg"},{"bitDepth":32,"colorSpace":"Linear","contentLength":12106812,"mimeType":"image\/x-exr","name":"Translucency","physicalSize":"1x1","resolution":"1024x1024","tier":3,"type":"translucency","uri":"tier_3\/vlkhcbxia_1K_Translucency.exr"},{"bitDepth":8,"colorSpace":"Linear","contentLength":427678,"mimeType":"image\/jpeg","name":"Translucency","physicalSize":"1x1","resolution":"1024x1024","tier":3,"type":"translucency","uri":"tier_3\/vlkhcbxia_1K_Translucency.jpg"},{"bitDepth":32,"colorSpace":"sRGB","contentLength":50586845,"mimeType":"image\/x-exr","name":"Specular","physicalSize":"1x1","resolution":"8192x8192","tier":0,"type":"specular","uri":"tier_0\/vlkhcbxia_8K_Specular.exr"},{"bitDepth":8,"colorSpace":"sRGB","contentLength":2292106,"mimeType":"image\/jpeg","name":"Specular","physicalSize":"1x1","resolution":"8192x8192","tier":0,"type":"specular","uri":"tier_0\/vlkhcbxia_8K_Specular.jpg"},{"bitDepth":32,"colorSpace":"sRGB","contentLength":52924792,"mimeType":"image\/x-exr","name":"Specular","physicalSize":"1x1","resolution":"4096x4096","tier":1,"type":"specular","uri":"tier_1\/vlkhcbxia_4K_Specular.exr"},{"bitDepth":8,"colorSpace":"sRGB","contentLength":778014,"mimeType":"image\/jpeg","name":"Specular","physicalSize":"1x1","resolution":"4096x4096","tier":1,"type":"specular","uri":"tier_1\/vlkhcbxia_4K_Specular.jpg"},{"bitDepth":32,"colorSpace":"sRGB","contentLength":13637640,"mimeType":"image\/x-exr","name":"Specular","physicalSize":"1x1","resolution":"2048x2048","tier":2,"type":"specular","uri":"tier_2\/vlkhcbxia_2K_Specular.exr"},{"bitDepth":8,"colorSpace":"sRGB","contentLength":267420,"mimeType":"image\/jpeg","name":"Specular","physicalSize":"1x1","resolution":"2048x2048","tier":2,"type":"specular","uri":"tier_2\/vlkhcbxia_2K_Specular.jpg"},{"bitDepth":32,"colorSpace":"sRGB","contentLength":3523813,"mimeType":"image\/x-exr","name":"Specular","physicalSize":"1x1","resolution":"1024x1024","tier":3,"type":"specular","uri":"tier_3\/vlkhcbxia_1K_Specular.exr"},{"bitDepth":8,"colorSpace":"sRGB","contentLength":89324,"mimeType":"image\/jpeg","name":"Specular","physicalSize":"1x1","resolution":"1024x1024","tier":3,"type":"specular","uri":"tier_3\/vlkhcbxia_1K_Specular.jpg"},{"bitDepth":32,"colorSpace":"Linear","contentLength":267120792,"mimeType":"image\/x-exr","name":"Bump","physicalSize":"1x1","resolution":"8192x8192","tier":0,"type":"bump","uri":"tier_0\/vlkhcbxia_8K_Bump.exr"},{"bitDepth":8,"colorSpace":"Linear","contentLength":5355644,"mimeType":"image\/jpeg","name":"Bump","physicalSize":"1x1","resolution":"8192x8192","tier":0,"type":"bump","uri":"tier_0\/vlkhcbxia_8K_Bump.jpg"},{"bitDepth":32,"colorSpace":"Linear","contentLength":66693503,"mimeType":"image\/x-exr","name":"Bump","physicalSize":"1x1","resolution":"4096x4096","tier":1,"type":"bump","uri":"tier_1\/vlkhcbxia_4K_Bump.exr"},{"bitDepth":8,"colorSpace":"Linear","contentLength":1760412,"mimeType":"image\/jpeg","name":"Bump","physicalSize":"1x1","resolution":"4096x4096","tier":1,"type":"bump","uri":"tier_1\/vlkhcbxia_4K_Bump.jpg"},{"bitDepth":32,"colorSpace":"Linear","contentLength":16799468,"mimeType":"image\/x-exr","name":"Bump","physicalSize":"1x1","resolution":"2048x2048","tier":2,"type":"bump","uri":"tier_2\/vlkhcbxia_2K_Bump.exr"},{"bitDepth":8,"colorSpace":"Linear","contentLength":566343,"mimeType":"image\/jpeg","name":"Bump","physicalSize":"1x1","resolution":"2048x2048","tier":2,"type":"bump","uri":"tier_2\/vlkhcbxia_2K_Bump.jpg"},{"bitDepth":32,"colorSpace":"Linear","contentLength":4217651,"mimeType":"image\/x-exr","name":"Bump","physicalSize":"1x1","resolution":"1024x1024","tier":3,"type":"bump","uri":"tier_3\/vlkhcbxia_1K_Bump.exr"},{"bitDepth":8,"colorSpace":"Linear","contentLength":170222,"mimeType":"image\/jpeg","name":"Bump","physicalSize":"1x1","resolution":"1024x1024","tier":3,"type":"bump","uri":"tier_3\/vlkhcbxia_1K_Bump.jpg"},{"bitDepth":32,"colorSpace":"Linear","contentLength":58680677,"mimeType":"image\/x-exr","name":"Displacement","physicalSize":"1x1","resolution":"8192x8192","tier":0,"type":"displacement","uri":"tier_0\/vlkhcbxia_8K_Displacement.exr"},{"bitDepth":8,"colorSpace":"Linear","contentLength":3046049,"mimeType":"image\/jpeg","name":"Displacement","physicalSize":"1x1","resolution":"8192x8192","tier":0,"type":"displacement","uri":"tier_0\/vlkhcbxia_8K_Displacement.jpg"},{"bitDepth":32,"colorSpace":"Linear","contentLength":61916670,"mimeType":"image\/x-exr","name":"Displacement","physicalSize":"1x1","resolution":"4096x4096","tier":1,"type":"displacement","uri":"tier_1\/vlkhcbxia_4K_Displacement.exr"},{"bitDepth":8,"colorSpace":"Linear","contentLength":1065107,"mimeType":"image\/jpeg","name":"Displacement","physicalSize":"1x1","resolution":"4096x4096","tier":1,"type":"displacement","uri":"tier_1\/vlkhcbxia_4K_Displacement.jpg"},{"bitDepth":32,"colorSpace":"Linear","contentLength":16003815,"mimeType":"image\/x-exr","name":"Displacement","physicalSize":"1x1","resolution":"2048x2048","tier":2,"type":"displacement","uri":"tier_2\/vlkhcbxia_2K_Displacement.exr"},{"bitDepth":8,"colorSpace":"Linear","contentLength":367673,"mimeType":"image\/jpeg","name":"Displacement","physicalSize":"1x1","resolution":"2048x2048","tier":2,"type":"displacement","uri":"tier_2\/vlkhcbxia_2K_Displacement.jpg"},{"bitDepth":32,"colorSpace":"Linear","contentLength":4089704,"mimeType":"image\/x-exr","name":"Displacement","physicalSize":"1x1","resolution":"1024x1024","tier":3,"type":"displacement","uri":"tier_3\/vlkhcbxia_1K_Displacement.exr"},{"bitDepth":8,"colorSpace":"Linear","contentLength":125516,"mimeType":"image\/jpeg","name":"Displacement","physicalSize":"1x1","resolution":"1024x1024","tier":3,"type":"displacement","uri":"tier_3\/vlkhcbxia_1K_Displacement.jpg"},{"bitDepth":32,"colorSpace":"sRGB","contentLength":248607821,"mimeType":"image\/x-exr","name":"Basecolor","physicalSize":"1x1","resolution":"8192x8192","tier":0,"type":"basecolor","uri":"tier_0\/vlkhcbxia_8K_Basecolor.exr"},{"bitDepth":8,"colorSpace":"sRGB","contentLength":10513458,"mimeType":"image\/jpeg","name":"Basecolor","physicalSize":"1x1","resolution":"8192x8192","tier":0,"type":"basecolor","uri":"tier_0\/vlkhcbxia_8K_Basecolor.jpg"},{"bitDepth":32,"colorSpace":"sRGB","contentLength":187789707,"mimeType":"image\/x-exr","name":"Basecolor","physicalSize":"1x1","resolution":"4096x4096","tier":1,"type":"basecolor","uri":"tier_1\/vlkhcbxia_4K_Basecolor.exr"},{"bitDepth":8,"colorSpace":"sRGB","contentLength":3677618,"mimeType":"image\/jpeg","name":"Basecolor","physicalSize":"1x1","resolution":"4096x4096","tier":1,"type":"basecolor","uri":"tier_1\/vlkhcbxia_4K_Basecolor.jpg"},{"bitDepth":32,"colorSpace":"sRGB","contentLength":47415722,"mimeType":"image\/x-exr","name":"Basecolor","physicalSize":"1x1","resolution":"2048x2048","tier":2,"type":"basecolor","uri":"tier_2\/vlkhcbxia_2K_Basecolor.exr"},{"bitDepth":8,"colorSpace":"sRGB","contentLength":1234347,"mimeType":"image\/jpeg","name":"Basecolor","physicalSize":"1x1","resolution":"2048x2048","tier":2,"type":"basecolor","uri":"tier_2\/vlkhcbxia_2K_Basecolor.jpg"},{"bitDepth":32,"colorSpace":"sRGB","contentLength":11975342,"mimeType":"image\/x-exr","name":"Basecolor","physicalSize":"1x1","resolution":"1024x1024","tier":3,"type":"basecolor","uri":"tier_3\/vlkhcbxia_1K_Basecolor.exr"},{"bitDepth":8,"colorSpace":"sRGB","contentLength":401165,"mimeType":"image\/jpeg","name":"Basecolor","physicalSize":"1x1","resolution":"1024x1024","tier":3,"type":"basecolor","uri":"tier_3\/vlkhcbxia_1K_Basecolor.jpg"},{"bitDepth":32,"colorSpace":"Linear","contentLength":212994353,"mimeType":"image\/x-exr","name":"Normal","physicalSize":"1x1","resolution":"8192x8192","tier":0,"type":"normal","uri":"tier_0\/vlkhcbxia_8K_Normal.exr"},{"bitDepth":8,"colorSpace":"Linear","contentLength":14836084,"mimeType":"image\/jpeg","name":"Normal","physicalSize":"1x1","resolution":"8192x8192","tier":0,"type":"normal","uri":"tier_0\/vlkhcbxia_8K_Normal.jpg"},{"bitDepth":32,"colorSpace":"Linear","contentLength":178287235,"mimeType":"image\/x-exr","name":"Normal","physicalSize":"1x1","resolution":"4096x4096","tier":1,"type":"normal","uri":"tier_1\/vlkhcbxia_4K_Normal.exr"},{"bitDepth":8,"colorSpace":"Linear","contentLength":5048875,"mimeType":"image\/jpeg","name":"Normal","physicalSize":"1x1","resolution":"4096x4096","tier":1,"type":"normal","uri":"tier_1\/vlkhcbxia_4K_Normal.jpg"},{"bitDepth":32,"colorSpace":"Linear","contentLength":45337881,"mimeType":"image\/x-exr","name":"Normal","physicalSize":"1x1","resolution":"2048x2048","tier":2,"type":"normal","uri":"tier_2\/vlkhcbxia_2K_Normal.exr"},{"bitDepth":8,"colorSpace":"Linear","contentLength":1656138,"mimeType":"image\/jpeg","name":"Normal","physicalSize":"1x1","resolution":"2048x2048","tier":2,"type":"normal","uri":"tier_2\/vlkhcbxia_2K_Normal.jpg"},{"bitDepth":32,"colorSpace":"Linear","contentLength":11523683,"mimeType":"image\/x-exr","name":"Normal","physicalSize":"1x1","resolution":"1024x1024","tier":3,"type":"normal","uri":"tier_3\/vlkhcbxia_1K_Normal.exr"},{"bitDepth":8,"colorSpace":"Linear","contentLength":535210,"mimeType":"image\/jpeg","name":"Normal","physicalSize":"1x1","resolution":"1024x1024","tier":3,"type":"normal","uri":"tier_3\/vlkhcbxia_1K_Normal.jpg"},{"bitDepth":32,"colorSpace":"Linear","contentLength":18939353,"mimeType":"image\/x-exr","name":"Opacity","physicalSize":"1x1","resolution":"8192x8192","tier":0,"type":"opacity","uri":"tier_0\/vlkhcbxia_8K_Opacity.exr"},{"bitDepth":8,"colorSpace":"Linear","contentLength":10419068,"mimeType":"image\/jpeg","name":"Opacity","physicalSize":"1x1","resolution":"8192x8192","tier":0,"type":"opacity","uri":"tier_0\/vlkhcbxia_8K_Opacity.jpg"},{"bitDepth":32,"colorSpace":"Linear","contentLength":14110691,"mimeType":"image\/x-exr","name":"Opacity","physicalSize":"1x1","resolution":"4096x4096","tier":1,"type":"opacity","uri":"tier_1\/vlkhcbxia_4K_Opacity.exr"},{"bitDepth":8,"colorSpace":"Linear","contentLength":4246527,"mimeType":"image\/jpeg","name":"Opacity","physicalSize":"1x1","resolution":"4096x4096","tier":1,"type":"opacity","uri":"tier_1\/vlkhcbxia_4K_Opacity.jpg"},{"bitDepth":32,"colorSpace":"Linear","contentLength":3986101,"mimeType":"image\/x-exr","name":"Opacity","physicalSize":"1x1","resolution":"2048x2048","tier":2,"type":"opacity","uri":"tier_2\/vlkhcbxia_2K_Opacity.exr"},{"bitDepth":8,"colorSpace":"Linear","contentLength":1615506,"mimeType":"image\/jpeg","name":"Opacity","physicalSize":"1x1","resolution":"2048x2048","tier":2,"type":"opacity","uri":"tier_2\/vlkhcbxia_2K_Opacity.jpg"},{"bitDepth":32,"colorSpace":"Linear","contentLength":1185225,"mimeType":"image\/x-exr","name":"Opacity","physicalSize":"1x1","resolution":"1024x1024","tier":3,"type":"opacity","uri":"tier_3\/vlkhcbxia_1K_Opacity.exr"},{"bitDepth":8,"colorSpace":"Linear","contentLength":563988,"mimeType":"image\/jpeg","name":"Opacity","physicalSize":"1x1","resolution":"1024x1024","tier":3,"type":"opacity","uri":"tier_3\/vlkhcbxia_1K_Opacity.jpg"},{"bitDepth":32,"colorSpace":"sRGB","contentLength":93411270,"mimeType":"image\/x-exr","name":"AO","physicalSize":"1x1","resolution":"8192x8192","tier":0,"type":"ao","uri":"tier_0\/vlkhcbxia_8K_AO.exr"},{"bitDepth":8,"colorSpace":"sRGB","contentLength":8740348,"mimeType":"image\/jpeg","name":"AO","physicalSize":"1x1","resolution":"8192x8192","tier":0,"type":"ao","uri":"tier_0\/vlkhcbxia_8K_AO.jpg"},{"bitDepth":32,"colorSpace":"sRGB","contentLength":58402642,"mimeType":"image\/x-exr","name":"AO","physicalSize":"1x1","resolution":"4096x4096","tier":1,"type":"ao","uri":"tier_1\/vlkhcbxia_4K_AO.exr"},{"bitDepth":8,"colorSpace":"sRGB","contentLength":3074194,"mimeType":"image\/jpeg","name":"AO","physicalSize":"1x1","resolution":"4096x4096","tier":1,"type":"ao","uri":"tier_1\/vlkhcbxia_4K_AO.jpg"},{"bitDepth":32,"colorSpace":"sRGB","contentLength":14935999,"mimeType":"image\/x-exr","name":"AO","physicalSize":"1x1","resolution":"2048x2048","tier":2,"type":"ao","uri":"tier_2\/vlkhcbxia_2K_AO.exr"},{"bitDepth":8,"colorSpace":"sRGB","contentLength":1049404,"mimeType":"image\/jpeg","name":"AO","physicalSize":"1x1","resolution":"2048x2048","tier":2,"type":"ao","uri":"tier_2\/vlkhcbxia_2K_AO.jpg"},{"bitDepth":32,"colorSpace":"sRGB","contentLength":3802456,"mimeType":"image\/x-exr","name":"AO","physicalSize":"1x1","resolution":"1024x1024","tier":3,"type":"ao","uri":"tier_3\/vlkhcbxia_1K_AO.exr"},{"bitDepth":8,"colorSpace":"sRGB","contentLength":355615,"mimeType":"image\/jpeg","name":"AO","physicalSize":"1x1","resolution":"1024x1024","tier":3,"type":"ao","uri":"tier_3\/vlkhcbxia_1K_AO.jpg"},{"bitDepth":32,"colorSpace":"Linear","contentLength":101905033,"mimeType":"image\/x-exr","name":"Gloss","physicalSize":"1x1","resolution":"8192x8192","tier":0,"type":"gloss","uri":"tier_0\/vlkhcbxia_8K_Gloss.exr"},{"bitDepth":8,"colorSpace":"Linear","contentLength":6112022,"mimeType":"image\/jpeg","name":"Gloss","physicalSize":"1x1","resolution":"8192x8192","tier":0,"type":"gloss","uri":"tier_0\/vlkhcbxia_8K_Gloss.jpg"},{"bitDepth":32,"colorSpace":"Linear","contentLength":65394666,"mimeType":"image\/x-exr","name":"Gloss","physicalSize":"1x1","resolution":"4096x4096","tier":1,"type":"gloss","uri":"tier_1\/vlkhcbxia_4K_Gloss.exr"},{"bitDepth":8,"colorSpace":"Linear","contentLength":2092471,"mimeType":"image\/jpeg","name":"Gloss","physicalSize":"1x1","resolution":"4096x4096","tier":1,"type":"gloss","uri":"tier_1\/vlkhcbxia_4K_Gloss.jpg"},{"bitDepth":32,"colorSpace":"Linear","contentLength":16552428,"mimeType":"image\/x-exr","name":"Gloss","physicalSize":"1x1","resolution":"2048x2048","tier":2,"type":"gloss","uri":"tier_2\/vlkhcbxia_2K_Gloss.exr"},{"bitDepth":8,"colorSpace":"Linear","contentLength":684064,"mimeType":"image\/jpeg","name":"Gloss","physicalSize":"1x1","resolution":"2048x2048","tier":2,"type":"gloss","uri":"tier_2\/vlkhcbxia_2K_Gloss.jpg"},{"bitDepth":32,"colorSpace":"Linear","contentLength":4157067,"mimeType":"image\/x-exr","name":"Gloss","physicalSize":"1x1","resolution":"1024x1024","tier":3,"type":"gloss","uri":"tier_3\/vlkhcbxia_1K_Gloss.exr"},{"bitDepth":8,"colorSpace":"Linear","contentLength":219603,"mimeType":"image\/jpeg","name":"Gloss","physicalSize":"1x1","resolution":"1024x1024","tier":3,"type":"gloss","uri":"tier_3\/vlkhcbxia_1K_Gloss.jpg"},{"bitDepth":32,"colorSpace":"Linear","contentLength":108826151,"mimeType":"image\/x-exr","name":"Roughness","physicalSize":"1x1","resolution":"8192x8192","tier":0,"type":"roughness","uri":"tier_0\/vlkhcbxia_8K_Roughness.exr"},{"bitDepth":8,"colorSpace":"Linear","contentLength":6099117,"mimeType":"image\/jpeg","name":"Roughness","physicalSize":"1x1","resolution":"8192x8192","tier":0,"type":"roughness","uri":"tier_0\/vlkhcbxia_8K_Roughness.jpg"},{"bitDepth":32,"colorSpace":"Linear","contentLength":64536091,"mimeType":"image\/x-exr","name":"Roughness","physicalSize":"1x1","resolution":"4096x4096","tier":1,"type":"roughness","uri":"tier_1\/vlkhcbxia_4K_Roughness.exr"},{"bitDepth":8,"colorSpace":"Linear","contentLength":2088613,"mimeType":"image\/jpeg","name":"Roughness","physicalSize":"1x1","resolution":"4096x4096","tier":1,"type":"roughness","uri":"tier_1\/vlkhcbxia_4K_Roughness.jpg"},{"bitDepth":32,"colorSpace":"Linear","contentLength":16461636,"mimeType":"image\/x-exr","name":"Roughness","physicalSize":"1x1","resolution":"2048x2048","tier":2,"type":"roughness","uri":"tier_2\/vlkhcbxia_2K_Roughness.exr"},{"bitDepth":8,"colorSpace":"Linear","contentLength":682732,"mimeType":"image\/jpeg","name":"Roughness","physicalSize":"1x1","resolution":"2048x2048","tier":2,"type":"roughness","uri":"tier_2\/vlkhcbxia_2K_Roughness.jpg"},{"bitDepth":32,"colorSpace":"Linear","contentLength":4144729,"mimeType":"image\/x-exr","name":"Roughness","physicalSize":"1x1","resolution":"1024x1024","tier":3,"type":"roughness","uri":"tier_3\/vlkhcbxia_1K_Roughness.exr"},{"bitDepth":8,"colorSpace":"Linear","contentLength":219117,"mimeType":"image\/jpeg","name":"Roughness","physicalSize":"1x1","resolution":"1024x1024","tier":3,"type":"roughness","uri":"tier_3\/vlkhcbxia_1K_Roughness.jpg"}],"material_params":{"billboard":[{"Name":"is Camera Facing Billboard","Value":true},{"Name":"is Billboard","Value":true},{"Name":"Tint Translucency","Value":true},{"Name":"Translucency Tint","Value":[0.3621880114078522,0.5,0.3253850042819977,1]},{"Name":"Translucency Controls","Value":[1,5,0.5,0]}],"material":[{"Name":"Tint Leaf Backside","Value":true},{"Name":"Tint Translucency","Value":true},{"Name":"use Growth Effect","Value":false},{"Name":"Base Color Tint Leaf Backside","Value":[0.6038280129432678,0.5583410263061523,0.6239609718322754,1]},{"Name":"Translucency Tint","Value":[0.3621880114078522,0.5,0.3253850042819977,1]},{"Name":"Translucency Controls","Value":[1,5,0.5,0]}]},"meta":[{"key":"cameraFacingBillboard","name":"CameraFacingBillboard","value":true},{"key":"tierLods","name":"TierLods","value":[{"lods":["High"],"tier":0},{"lods":["LOD0","LOD2","LOD3","LOD4"],"tier":1},{"lods":["LOD1","LOD2","LOD3","LOD4"],"tier":2},{"lods":["LOD2","LOD3","LOD4"],"tier":3}]}],"models":[{"contentLength":1322240,"lod":0,"mimeType":"application\/x-fbx","tier":0,"tris":27516,"type":"lod","uri":"tier_0\/vlkhcbxia_VarA_LOD0.fbx","variation":1},{"contentLength":5006432,"lod":0,"mimeType":"application\/x-fbx","tier":0,"tris":104154,"type":"lod","uri":"tier_0\/vlkhcbxia_VarB_LOD0.fbx","variation":2},{"contentLength":2886224,"lod":0,"mimeType":"application\/x-fbx","tier":0,"tris":59192,"type":"lod","uri":"tier_0\/vlkhcbxia_VarC_LOD0.fbx","variation":3},{"contentLength":994432,"lod":0,"mimeType":"application\/x-fbx","tier":0,"tris":19292,"type":"lod","uri":"tier_0\/vlkhcbxia_VarD_LOD0.fbx","variation":4},{"contentLength":581168,"lod":0,"mimeType":"application\/x-fbx","tier":0,"tris":10790,"type":"lod","uri":"tier_0\/vlkhcbxia_VarE_LOD0.fbx","variation":5},{"contentLength":1548208,"lod":0,"mimeType":"application\/x-fbx","tier":0,"tris":32724,"type":"lod","uri":"tier_0\/vlkhcbxia_VarF_LOD0.fbx","variation":6},{"contentLength":921648,"lod":0,"mimeType":"application\/x-fbx","tier":0,"tris":18363,"type":"lod","uri":"tier_0\/vlkhcbxia_VarG_LOD0.fbx","variation":7},{"contentLength":1022688,"lod":0,"mimeType":"application\/x-fbx","tier":0,"tris":20924,"type":"lod","uri":"tier_0\/vlkhcbxia_VarH_LOD0.fbx","variation":8},{"contentLength":171904,"lod":0,"mimeType":"application\/x-fbx","tier":1,"tris":1495,"type":"lod","uri":"tier_1\/vlkhcbxia_VarA_LOD0.fbx","variation":1},{"contentLength":90000,"lod":1,"mimeType":"application\/x-fbx","tier":1,"tris":627,"type":"lod","uri":"tier_1\/vlkhcbxia_VarA_LOD1.fbx","variation":1},{"contentLength":71424,"lod":2,"mimeType":"application\/x-fbx","tier":1,"tris":430,"type":"lod","uri":"tier_1\/vlkhcbxia_VarA_LOD2.fbx","variation":1},{"contentLength":21120,"lod":3,"mimeType":"application\/x-fbx","tier":1,"tris":5,"type":"lod","uri":"tier_1\/vlkhcbxia_VarA_LOD3.fbx","variation":1},{"contentLength":642736,"lod":0,"mimeType":"application\/x-fbx","tier":1,"tris":5982,"type":"lod","uri":"tier_1\/vlkhcbxia_VarB_LOD0.fbx","variation":2},{"contentLength":156032,"lod":1,"mimeType":"application\/x-fbx","tier":1,"tris":1172,"type":"lod","uri":"tier_1\/vlkhcbxia_VarB_LOD1.fbx","variation":2},{"contentLength":73808,"lod":2,"mimeType":"application\/x-fbx","tier":1,"tris":429,"type":"lod","uri":"tier_1\/vlkhcbxia_VarB_LOD2.fbx","variation":2},{"contentLength":21120,"lod":3,"mimeType":"application\/x-fbx","tier":1,"tris":5,"type":"lod","uri":"tier_1\/vlkhcbxia_VarB_LOD3.fbx","variation":2},{"contentLength":380816,"lod":0,"mimeType":"application\/x-fbx","tier":1,"tris":3425,"type":"lod","uri":"tier_1\/vlkhcbxia_VarC_LOD0.fbx","variation":3},{"contentLength":181216,"lod":1,"mimeType":"application\/x-fbx","tier":1,"tris":1400,"type":"lod","uri":"tier_1\/vlkhcbxia_VarC_LOD1.fbx","variation":3},{"contentLength":81936,"lod":2,"mimeType":"application\/x-fbx","tier":1,"tris":498,"type":"lod","uri":"tier_1\/vlkhcbxia_VarC_LOD2.fbx","variation":3},{"contentLength":20976,"lod":3,"mimeType":"application\/x-fbx","tier":1,"tris":4,"type":"lod","uri":"tier_1\/vlkhcbxia_VarC_LOD3.fbx","variation":3},{"contentLength":150176,"lod":0,"mimeType":"application\/x-fbx","tier":1,"tris":1194,"type":"lod","uri":"tier_1\/vlkhcbxia_VarD_LOD0.fbx","variation":4},{"contentLength":79376,"lod":1,"mimeType":"application\/x-fbx","tier":1,"tris":488,"type":"lod","uri":"tier_1\/vlkhcbxia_VarD_LOD1.fbx","variation":4},{"contentLength":63008,"lod":2,"mimeType":"application\/x-fbx","tier":1,"tris":329,"type":"lod","uri":"tier_1\/vlkhcbxia_VarD_LOD2.fbx","variation":4},{"contentLength":21120,"lod":3,"mimeType":"application\/x-fbx","tier":1,"tris":5,"type":"lod","uri":"tier_1\/vlkhcbxia_VarD_LOD3.fbx","variation":4},{"contentLength":96464,"lod":0,"mimeType":"application\/x-fbx","tier":1,"tris":688,"type":"lod","uri":"tier_1\/vlkhcbxia_VarE_LOD0.fbx","variation":5},{"contentLength":55824,"lod":1,"mimeType":"application\/x-fbx","tier":1,"tris":283,"type":"lod","uri":"tier_1\/vlkhcbxia_VarE_LOD1.fbx","variation":5},{"contentLength":46928,"lod":2,"mimeType":"application\/x-fbx","tier":1,"tris":189,"type":"lod","uri":"tier_1\/vlkhcbxia_VarE_LOD2.fbx","variation":5},{"contentLength":20848,"lod":3,"mimeType":"application\/x-fbx","tier":1,"tris":3,"type":"lod","uri":"tier_1\/vlkhcbxia_VarE_LOD3.fbx","variation":5},{"contentLength":214672,"lod":0,"mimeType":"application\/x-fbx","tier":1,"tris":1879,"type":"lod","uri":"tier_1\/vlkhcbxia_VarF_LOD0.fbx","variation":6},{"contentLength":123408,"lod":1,"mimeType":"application\/x-fbx","tier":1,"tris":943,"type":"lod","uri":"tier_1\/vlkhcbxia_VarF_LOD1.fbx","variation":6},{"contentLength":105200,"lod":2,"mimeType":"application\/x-fbx","tier":1,"tris":758,"type":"lod","uri":"tier_1\/vlkhcbxia_VarF_LOD2.fbx","variation":6},{"contentLength":20704,"lod":3,"mimeType":"application\/x-fbx","tier":1,"tris":2,"type":"lod","uri":"tier_1\/vlkhcbxia_VarF_LOD3.fbx","variation":6},{"contentLength":130256,"lod":0,"mimeType":"application\/x-fbx","tier":1,"tris":1023,"type":"lod","uri":"tier_1\/vlkhcbxia_VarG_LOD0.fbx","variation":7},{"contentLength":70784,"lod":1,"mimeType":"application\/x-fbx","tier":1,"tris":423,"type":"lod","uri":"tier_1\/vlkhcbxia_VarG_LOD1.fbx","variation":7},{"contentLength":57472,"lod":2,"mimeType":"application\/x-fbx","tier":1,"tris":287,"type":"lod","uri":"tier_1\/vlkhcbxia_VarG_LOD2.fbx","variation":7},{"contentLength":20704,"lod":3,"mimeType":"application\/x-fbx","tier":1,"tris":2,"type":"lod","uri":"tier_1\/vlkhcbxia_VarG_LOD3.fbx","variation":7},{"contentLength":151488,"lod":0,"mimeType":"application\/x-fbx","tier":1,"tris":1251,"type":"lod","uri":"tier_1\/vlkhcbxia_VarH_LOD0.fbx","variation":8},{"contentLength":77088,"lod":1,"mimeType":"application\/x-fbx","tier":1,"tris":486,"type":"lod","uri":"tier_1\/vlkhcbxia_VarH_LOD1.fbx","variation":8},{"contentLength":64752,"lod":2,"mimeType":"application\/x-fbx","tier":1,"tris":365,"type":"lod","uri":"tier_1\/vlkhcbxia_VarH_LOD2.fbx","variation":8},{"contentLength":20848,"lod":3,"mimeType":"application\/x-fbx","tier":1,"tris":3,"type":"lod","uri":"tier_1\/vlkhcbxia_VarH_LOD3.fbx","variation":8},{"contentLength":106528,"lod":0,"mimeType":"application\/x-fbx","tier":2,"tris":803,"type":"lod","uri":"tier_2\/vlkhcbxia_VarA_LOD0.fbx","variation":1},{"contentLength":90000,"lod":1,"mimeType":"application\/x-fbx","tier":2,"tris":627,"type":"lod","uri":"tier_2\/vlkhcbxia_VarA_LOD1.fbx","variation":1},{"contentLength":71424,"lod":2,"mimeType":"application\/x-fbx","tier":2,"tris":430,"type":"lod","uri":"tier_2\/vlkhcbxia_VarA_LOD2.fbx","variation":1},{"contentLength":21120,"lod":3,"mimeType":"application\/x-fbx","tier":2,"tris":5,"type":"lod","uri":"tier_2\/vlkhcbxia_VarA_LOD3.fbx","variation":1},{"contentLength":367184,"lod":0,"mimeType":"application\/x-fbx","tier":2,"tris":3119,"type":"lod","uri":"tier_2\/vlkhcbxia_VarB_LOD0.fbx","variation":2},{"contentLength":156032,"lod":1,"mimeType":"application\/x-fbx","tier":2,"tris":1172,"type":"lod","uri":"tier_2\/vlkhcbxia_VarB_LOD1.fbx","variation":2},{"contentLength":73808,"lod":2,"mimeType":"application\/x-fbx","tier":2,"tris":429,"type":"lod","uri":"tier_2\/vlkhcbxia_VarB_LOD2.fbx","variation":2},{"contentLength":21120,"lod":3,"mimeType":"application\/x-fbx","tier":2,"tris":5,"type":"lod","uri":"tier_2\/vlkhcbxia_VarB_LOD3.fbx","variation":2},{"contentLength":222048,"lod":0,"mimeType":"application\/x-fbx","tier":2,"tris":1799,"type":"lod","uri":"tier_2\/vlkhcbxia_VarC_LOD0.fbx","variation":3},{"contentLength":181216,"lod":1,"mimeType":"application\/x-fbx","tier":2,"tris":1400,"type":"lod","uri":"tier_2\/vlkhcbxia_VarC_LOD1.fbx","variation":3},{"contentLength":81936,"lod":2,"mimeType":"application\/x-fbx","tier":2,"tris":498,"type":"lod","uri":"tier_2\/vlkhcbxia_VarC_LOD2.fbx","variation":3},{"contentLength":20976,"lod":3,"mimeType":"application\/x-fbx","tier":2,"tris":4,"type":"lod","uri":"tier_2\/vlkhcbxia_VarC_LOD3.fbx","variation":3},{"contentLength":92992,"lod":0,"mimeType":"application\/x-fbx","tier":2,"tris":622,"type":"lod","uri":"tier_2\/vlkhcbxia_VarD_LOD0.fbx","variation":4},{"contentLength":79376,"lod":1,"mimeType":"application\/x-fbx","tier":2,"tris":488,"type":"lod","uri":"tier_2\/vlkhcbxia_VarD_LOD1.fbx","variation":4},{"contentLength":63008,"lod":2,"mimeType":"application\/x-fbx","tier":2,"tris":329,"type":"lod","uri":"tier_2\/vlkhcbxia_VarD_LOD2.fbx","variation":4},{"contentLength":21120,"lod":3,"mimeType":"application\/x-fbx","tier":2,"tris":5,"type":"lod","uri":"tier_2\/vlkhcbxia_VarD_LOD3.fbx","variation":4},{"contentLength":63872,"lod":0,"mimeType":"application\/x-fbx","tier":2,"tris":363,"type":"lod","uri":"tier_2\/vlkhcbxia_VarE_LOD0.fbx","variation":5},{"contentLength":55824,"lod":1,"mimeType":"application\/x-fbx","tier":2,"tris":283,"type":"lod","uri":"tier_2\/vlkhcbxia_VarE_LOD1.fbx","variation":5},{"contentLength":46928,"lod":2,"mimeType":"application\/x-fbx","tier":2,"tris":189,"type":"lod","uri":"tier_2\/vlkhcbxia_VarE_LOD2.fbx","variation":5},{"contentLength":20848,"lod":3,"mimeType":"application\/x-fbx","tier":2,"tris":3,"type":"lod","uri":"tier_2\/vlkhcbxia_VarE_LOD3.fbx","variation":5},{"contentLength":141472,"lod":0,"mimeType":"application\/x-fbx","tier":2,"tris":1128,"type":"lod","uri":"tier_2\/vlkhcbxia_VarF_LOD0.fbx","variation":6},{"contentLength":123408,"lod":1,"mimeType":"application\/x-fbx","tier":2,"tris":943,"type":"lod","uri":"tier_2\/vlkhcbxia_VarF_LOD1.fbx","variation":6},{"contentLength":105200,"lod":2,"mimeType":"application\/x-fbx","tier":2,"tris":758,"type":"lod","uri":"tier_2\/vlkhcbxia_VarF_LOD2.fbx","variation":6},{"contentLength":20704,"lod":3,"mimeType":"application\/x-fbx","tier":2,"tris":2,"type":"lod","uri":"tier_2\/vlkhcbxia_VarF_LOD3.fbx","variation":6},{"contentLength":82384,"lod":0,"mimeType":"application\/x-fbx","tier":2,"tris":538,"type":"lod","uri":"tier_2\/vlkhcbxia_VarG_LOD0.fbx","variation":7},{"contentLength":70784,"lod":1,"mimeType":"application\/x-fbx","tier":2,"tris":423,"type":"lod","uri":"tier_2\/vlkhcbxia_VarG_LOD1.fbx","variation":7},{"contentLength":57472,"lod":2,"mimeType":"application\/x-fbx","tier":2,"tris":287,"type":"lod","uri":"tier_2\/vlkhcbxia_VarG_LOD2.fbx","variation":7},{"contentLength":20704,"lod":3,"mimeType":"application\/x-fbx","tier":2,"tris":2,"type":"lod","uri":"tier_2\/vlkhcbxia_VarG_LOD3.fbx","variation":7},{"contentLength":92576,"lod":0,"mimeType":"application\/x-fbx","tier":2,"tris":640,"type":"lod","uri":"tier_2\/vlkhcbxia_VarH_LOD0.fbx","variation":8},{"contentLength":77088,"lod":1,"mimeType":"application\/x-fbx","tier":2,"tris":486,"type":"lod","uri":"tier_2\/vlkhcbxia_VarH_LOD1.fbx","variation":8},{"contentLength":64752,"lod":2,"mimeType":"application\/x-fbx","tier":2,"tris":365,"type":"lod","uri":"tier_2\/vlkhcbxia_VarH_LOD2.fbx","variation":8},{"contentLength":20848,"lod":3,"mimeType":"application\/x-fbx","tier":2,"tris":3,"type":"lod","uri":"tier_2\/vlkhcbxia_VarH_LOD3.fbx","variation":8},{"contentLength":90000,"lod":0,"mimeType":"application\/x-fbx","tier":3,"tris":627,"type":"lod","uri":"tier_3\/vlkhcbxia_VarA_LOD0.fbx","variation":1},{"contentLength":71424,"lod":1,"mimeType":"application\/x-fbx","tier":3,"tris":430,"type":"lod","uri":"tier_3\/vlkhcbxia_VarA_LOD1.fbx","variation":1},{"contentLength":21120,"lod":2,"mimeType":"application\/x-fbx","tier":3,"tris":5,"type":"lod","uri":"tier_3\/vlkhcbxia_VarA_LOD2.fbx","variation":1},{"contentLength":156032,"lod":0,"mimeType":"application\/x-fbx","tier":3,"tris":1172,"type":"lod","uri":"tier_3\/vlkhcbxia_VarB_LOD0.fbx","variation":2},{"contentLength":73808,"lod":1,"mimeType":"application\/x-fbx","tier":3,"tris":429,"type":"lod","uri":"tier_3\/vlkhcbxia_VarB_LOD1.fbx","variation":2},{"contentLength":21120,"lod":2,"mimeType":"application\/x-fbx","tier":3,"tris":5,"type":"lod","uri":"tier_3\/vlkhcbxia_VarB_LOD2.fbx","variation":2},{"contentLength":181216,"lod":0,"mimeType":"application\/x-fbx","tier":3,"tris":1400,"type":"lod","uri":"tier_3\/vlkhcbxia_VarC_LOD0.fbx","variation":3},{"contentLength":81936,"lod":1,"mimeType":"application\/x-fbx","tier":3,"tris":498,"type":"lod","uri":"tier_3\/vlkhcbxia_VarC_LOD1.fbx","variation":3},{"contentLength":20976,"lod":2,"mimeType":"application\/x-fbx","tier":3,"tris":4,"type":"lod","uri":"tier_3\/vlkhcbxia_VarC_LOD2.fbx","variation":3},{"contentLength":79376,"lod":0,"mimeType":"application\/x-fbx","tier":3,"tris":488,"type":"lod","uri":"tier_3\/vlkhcbxia_VarD_LOD0.fbx","variation":4},{"contentLength":63008,"lod":1,"mimeType":"application\/x-fbx","tier":3,"tris":329,"type":"lod","uri":"tier_3\/vlkhcbxia_VarD_LOD1.fbx","variation":4},{"contentLength":21120,"lod":2,"mimeType":"application\/x-fbx","tier":3,"tris":5,"type":"lod","uri":"tier_3\/vlkhcbxia_VarD_LOD2.fbx","variation":4},{"contentLength":55824,"lod":0,"mimeType":"application\/x-fbx","tier":3,"tris":283,"type":"lod","uri":"tier_3\/vlkhcbxia_VarE_LOD0.fbx","variation":5},{"contentLength":46928,"lod":1,"mimeType":"application\/x-fbx","tier":3,"tris":189,"type":"lod","uri":"tier_3\/vlkhcbxia_VarE_LOD1.fbx","variation":5},{"contentLength":20848,"lod":2,"mimeType":"application\/x-fbx","tier":3,"tris":3,"type":"lod","uri":"tier_3\/vlkhcbxia_VarE_LOD2.fbx","variation":5},{"contentLength":123408,"lod":0,"mimeType":"application\/x-fbx","tier":3,"tris":943,"type":"lod","uri":"tier_3\/vlkhcbxia_VarF_LOD0.fbx","variation":6},{"contentLength":105200,"lod":1,"mimeType":"application\/x-fbx","tier":3,"tris":758,"type":"lod","uri":"tier_3\/vlkhcbxia_VarF_LOD1.fbx","variation":6},{"contentLength":20704,"lod":2,"mimeType":"application\/x-fbx","tier":3,"tris":2,"type":"lod","uri":"tier_3\/vlkhcbxia_VarF_LOD2.fbx","variation":6},{"contentLength":70784,"lod":0,"mimeType":"application\/x-fbx","tier":3,"tris":423,"type":"lod","uri":"tier_3\/vlkhcbxia_VarG_LOD0.fbx","variation":7},{"contentLength":57472,"lod":1,"mimeType":"application\/x-fbx","tier":3,"tris":287,"type":"lod","uri":"tier_3\/vlkhcbxia_VarG_LOD1.fbx","variation":7},{"contentLength":20704,"lod":2,"mimeType":"application\/x-fbx","tier":3,"tris":2,"type":"lod","uri":"tier_3\/vlkhcbxia_VarG_LOD2.fbx","variation":7},{"contentLength":77088,"lod":0,"mimeType":"application\/x-fbx","tier":3,"tris":486,"type":"lod","uri":"tier_3\/vlkhcbxia_VarH_LOD0.fbx","variation":8},{"contentLength":64752,"lod":1,"mimeType":"application\/x-fbx","tier":3,"tris":365,"type":"lod","uri":"tier_3\/vlkhcbxia_VarH_LOD1.fbx","variation":8},{"contentLength":20848,"lod":2,"mimeType":"application\/x-fbx","tier":3,"tris":3,"type":"lod","uri":"tier_3\/vlkhcbxia_VarH_LOD2.fbx","variation":8}],"name":"Wild Grass","pack":{"_id":"grass","name":"Grass"},"physicalSize":null,"points":4,"previews":{"images":[{"contentLength":2633117,"resolution":"1920x1080","uri":"vlkhcbxia_layout.png"}],"relativeSize":"2x1","scaleReferences":[],"models":[{"contentLength":2553248,"mimeType":"application\/x-fbx","tris":33889,"uri":"vlkhcbxia_layout.fbx"}]},"properties":[],"referencePreviews":{"maps":[],"models":[{"contentLength":2553248,"mimeType":"application\/x-fbx","tris":33889,"uri":"vlkhcbxia_layout.fbx"}]},"references":[],"revised":true,"revision":0,"semanticTags":{"3d_mesh":"Open","architectural_style":{},"asset_type":"3D plant","color":["Green"],"contains":["grass","weeds"],"country":"Sweden","descriptive":["grown","lush","green","wild"],"environment":["grassland biome"],"industry":["games","archviz","VFX"],"interior_exterior":["exterior"],"locations":{"Europe":{"Sweden":{}}},"maxSize":0.55,"minSize":0.09,"name":"Wild Grass","region":"Europe","resolution":8192,"state":["new","old","damaged"],"subject_matter":"nature","theme":["grasslands","meadows","forests","hovs-hallar"]},"tags":["green","grass","flower","lush"],"ue_plugin_archives":[{"contentLength":109762733,"gltfVersion":"2.0","tier":0,"type":"gltf","uri":"ue_plugin_archives\/tier_0\/vlkhcbxia_tier_0.zip","version":1},{"contentLength":71457631,"gltfVersion":"2.0","tier":1,"type":"gltf","uri":"ue_plugin_archives\/tier_1\/vlkhcbxia_tier_1.zip","version":1},{"contentLength":23415162,"gltfVersion":"2.0","tier":2,"type":"gltf","uri":"ue_plugin_archives\/tier_2\/vlkhcbxia_tier_2.zip","version":1},{"contentLength":5008797,"gltfVersion":"2.0","tier":3,"type":"gltf","uri":"ue_plugin_archives\/tier_3\/vlkhcbxia_tier_3.zip","version":1}],"version":2}