{"assetCategories":{"3D plant":{"garden plant":{"flowering":{}}}},"averageColor":"#000000","billboards":[{"bitDepth":32,"colorSpace":"Linear","contentLength":177912925,"mimeType":"image\/x-exr","name":"Normal","physicalSize":"1x1","resolution":"8192x8192","tier":0,"type":"normal","uri":"tier_0\/uegjcflia_8K_Billboard_Normal.exr"},{"bitDepth":8,"colorSpace":"Linear","contentLength":14681986,"mimeType":"image\/jpeg","name":"Normal","physicalSize":"1x1","resolution":"8192x8192","tier":0,"type":"normal","uri":"tier_0\/uegjcflia_8K_Billboard_Normal.jpg"},{"bitDepth":32,"colorSpace":"Linear","contentLength":161767556,"mimeType":"image\/x-exr","name":"Normal","physicalSize":"1x1","resolution":"4096x4096","tier":1,"type":"normal","uri":"tier_1\/uegjcflia_4K_Billboard_Normal.exr"},{"bitDepth":8,"colorSpace":"Linear","contentLength":6171644,"mimeType":"image\/jpeg","name":"Normal","physicalSize":"1x1","resolution":"4096x4096","tier":1,"type":"normal","uri":"tier_1\/uegjcflia_4K_Billboard_Normal.jpg"},{"bitDepth":32,"colorSpace":"Linear","contentLength":41310633,"mimeType":"image\/x-exr","name":"Normal","physicalSize":"1x1","resolution":"2048x2048","tier":2,"type":"normal","uri":"tier_2\/uegjcflia_2K_Billboard_Normal.exr"},{"bitDepth":8,"colorSpace":"Linear","contentLength":1925275,"mimeType":"image\/jpeg","name":"Normal","physicalSize":"1x1","resolution":"2048x2048","tier":2,"type":"normal","uri":"tier_2\/uegjcflia_2K_Billboard_Normal.jpg"},{"bitDepth":32,"colorSpace":"Linear","contentLength":8240154,"mimeType":"image\/x-exr","name":"Normal","physicalSize":"1x1","resolution":"1024x1024","tier":3,"type":"normal","uri":"tier_3\/uegjcflia_1K_Billboard_Normal.exr"},{"bitDepth":8,"colorSpace":"Linear","contentLength":600262,"mimeType":"image\/jpeg","name":"Normal","physicalSize":"1x1","resolution":"1024x1024","tier":3,"type":"normal","uri":"tier_3\/uegjcflia_1K_Billboard_Normal.jpg"},{"bitDepth":32,"colorSpace":"sRGB","contentLength":168867639,"mimeType":"image\/x-exr","name":"Basecolor","physicalSize":"1x1","resolution":"8192x8192","tier":0,"type":"basecolor","uri":"tier_0\/uegjcflia_8K_Billboard_Basecolor.exr"},{"bitDepth":8,"colorSpace":"sRGB","contentLength":11508106,"mimeType":"image\/jpeg","name":"Basecolor","physicalSize":"1x1","resolution":"8192x8192","tier":0,"type":"basecolor","uri":"tier_0\/uegjcflia_8K_Billboard_Basecolor.jpg"},{"bitDepth":32,"colorSpace":"sRGB","contentLength":175509891,"mimeType":"image\/x-exr","name":"Basecolor","physicalSize":"1x1","resolution":"4096x4096","tier":1,"type":"basecolor","uri":"tier_1\/uegjcflia_4K_Billboard_Basecolor.exr"},{"bitDepth":8,"colorSpace":"sRGB","contentLength":5276435,"mimeType":"image\/jpeg","name":"Basecolor","physicalSize":"1x1","resolution":"4096x4096","tier":1,"type":"basecolor","uri":"tier_1\/uegjcflia_4K_Billboard_Basecolor.jpg"},{"bitDepth":32,"colorSpace":"sRGB","contentLength":45328945,"mimeType":"image\/x-exr","name":"Basecolor","physicalSize":"1x1","resolution":"2048x2048","tier":2,"type":"basecolor","uri":"tier_2\/uegjcflia_2K_Billboard_Basecolor.exr"},{"bitDepth":8,"colorSpace":"sRGB","contentLength":1662508,"mimeType":"image\/jpeg","name":"Basecolor","physicalSize":"1x1","resolution":"2048x2048","tier":2,"type":"basecolor","uri":"tier_2\/uegjcflia_2K_Billboard_Basecolor.jpg"},{"bitDepth":32,"colorSpace":"sRGB","contentLength":8651848,"mimeType":"image\/x-exr","name":"Basecolor","physicalSize":"1x1","resolution":"1024x1024","tier":3,"type":"basecolor","uri":"tier_3\/uegjcflia_1K_Billboard_Basecolor.exr"},{"bitDepth":8,"colorSpace":"sRGB","contentLength":522617,"mimeType":"image\/jpeg","name":"Basecolor","physicalSize":"1x1","resolution":"1024x1024","tier":3,"type":"basecolor","uri":"tier_3\/uegjcflia_1K_Billboard_Basecolor.jpg"},{"bitDepth":32,"colorSpace":"Linear","contentLength":19864955,"mimeType":"image\/x-exr","name":"Translucency","physicalSize":"1x1","resolution":"8192x8192","tier":0,"type":"translucency","uri":"tier_0\/uegjcflia_8K_Billboard_Translucency.exr"},{"bitDepth":8,"colorSpace":"Linear","contentLength":4922462,"mimeType":"image\/jpeg","name":"Translucency","physicalSize":"1x1","resolution":"8192x8192","tier":0,"type":"translucency","uri":"tier_0\/uegjcflia_8K_Billboard_Translucency.jpg"},{"bitDepth":32,"colorSpace":"Linear","contentLength":55126066,"mimeType":"image\/x-exr","name":"Translucency","physicalSize":"1x1","resolution":"4096x4096","tier":1,"type":"translucency","uri":"tier_1\/uegjcflia_4K_Billboard_Translucency.exr"},{"bitDepth":8,"colorSpace":"Linear","contentLength":3314180,"mimeType":"image\/jpeg","name":"Translucency","physicalSize":"1x1","resolution":"4096x4096","tier":1,"type":"translucency","uri":"tier_1\/uegjcflia_4K_Billboard_Translucency.jpg"},{"bitDepth":32,"colorSpace":"Linear","contentLength":14283766,"mimeType":"image\/x-exr","name":"Translucency","physicalSize":"1x1","resolution":"2048x2048","tier":2,"type":"translucency","uri":"tier_2\/uegjcflia_2K_Billboard_Translucency.exr"},{"bitDepth":8,"colorSpace":"Linear","contentLength":1047115,"mimeType":"image\/jpeg","name":"Translucency","physicalSize":"1x1","resolution":"2048x2048","tier":2,"type":"translucency","uri":"tier_2\/uegjcflia_2K_Billboard_Translucency.jpg"},{"bitDepth":32,"colorSpace":"Linear","contentLength":2822862,"mimeType":"image\/x-exr","name":"Translucency","physicalSize":"1x1","resolution":"1024x1024","tier":3,"type":"translucency","uri":"tier_3\/uegjcflia_1K_Billboard_Translucency.exr"},{"bitDepth":8,"colorSpace":"Linear","contentLength":348523,"mimeType":"image\/jpeg","name":"Translucency","physicalSize":"1x1","resolution":"1024x1024","tier":3,"type":"translucency","uri":"tier_3\/uegjcflia_1K_Billboard_Translucency.jpg"},{"bitDepth":32,"colorSpace":"Linear","contentLength":15023978,"mimeType":"image\/x-exr","name":"Opacity","physicalSize":"1x1","resolution":"8192x8192","tier":0,"type":"opacity","uri":"tier_0\/uegjcflia_8K_Billboard_Opacity.exr"},{"bitDepth":8,"colorSpace":"Linear","contentLength":10106851,"mimeType":"image\/jpeg","name":"Opacity","physicalSize":"1x1","resolution":"8192x8192","tier":0,"type":"opacity","uri":"tier_0\/uegjcflia_8K_Billboard_Opacity.jpg"},{"bitDepth":32,"colorSpace":"Linear","contentLength":14706769,"mimeType":"image\/x-exr","name":"Opacity","physicalSize":"1x1","resolution":"4096x4096","tier":1,"type":"opacity","uri":"tier_1\/uegjcflia_4K_Billboard_Opacity.exr"},{"bitDepth":8,"colorSpace":"Linear","contentLength":3966704,"mimeType":"image\/jpeg","name":"Opacity","physicalSize":"1x1","resolution":"4096x4096","tier":1,"type":"opacity","uri":"tier_1\/uegjcflia_4K_Billboard_Opacity.jpg"},{"bitDepth":32,"colorSpace":"Linear","contentLength":4027214,"mimeType":"image\/x-exr","name":"Opacity","physicalSize":"1x1","resolution":"2048x2048","tier":2,"type":"opacity","uri":"tier_2\/uegjcflia_2K_Billboard_Opacity.exr"},{"bitDepth":8,"colorSpace":"Linear","contentLength":1569049,"mimeType":"image\/jpeg","name":"Opacity","physicalSize":"1x1","resolution":"2048x2048","tier":2,"type":"opacity","uri":"tier_2\/uegjcflia_2K_Billboard_Opacity.jpg"},{"bitDepth":32,"colorSpace":"Linear","contentLength":1150980,"mimeType":"image\/x-exr","name":"Opacity","physicalSize":"1x1","resolution":"1024x1024","tier":3,"type":"opacity","uri":"tier_3\/uegjcflia_1K_Billboard_Opacity.exr"},{"bitDepth":8,"colorSpace":"Linear","contentLength":580060,"mimeType":"image\/jpeg","name":"Opacity","physicalSize":"1x1","resolution":"1024x1024","tier":3,"type":"opacity","uri":"tier_3\/uegjcflia_1K_Billboard_Opacity.jpg"}],"categories":["3dplant","garden plant","flowering"],"comp_version":1,"environment":{"biome":"undefined","region":"Oceania"},"id":"uegjcflia","json":{"contentLength":60161,"uri":"uegjcflia.json"},"maps":[{"bitDepth":32,"colorSpace":"sRGB","contentLength":14351699,"mimeType":"image\/x-exr","name":"Cavity","physicalSize":"1x1","resolution":"4096x4096","tier":0,"type":"cavity","uri":"tier_0\/uegjcflia_4K_Cavity.exr"},{"bitDepth":8,"colorSpace":"sRGB","contentLength":1844438,"mimeType":"image\/jpeg","name":"Cavity","physicalSize":"1x1","resolution":"4096x4096","tier":0,"type":"cavity","uri":"tier_0\/uegjcflia_4K_Cavity.jpg"},{"bitDepth":32,"colorSpace":"sRGB","contentLength":14351699,"mimeType":"image\/x-exr","name":"Cavity","physicalSize":"1x1","resolution":"4096x4096","tier":1,"type":"cavity","uri":"tier_1\/uegjcflia_4K_Cavity.exr"},{"bitDepth":8,"colorSpace":"sRGB","contentLength":1844438,"mimeType":"image\/jpeg","name":"Cavity","physicalSize":"1x1","resolution":"4096x4096","tier":1,"type":"cavity","uri":"tier_1\/uegjcflia_4K_Cavity.jpg"},{"bitDepth":32,"colorSpace":"sRGB","contentLength":16558208,"mimeType":"image\/x-exr","name":"Cavity","physicalSize":"1x1","resolution":"2048x2048","tier":2,"type":"cavity","uri":"tier_2\/uegjcflia_2K_Cavity.exr"},{"bitDepth":8,"colorSpace":"sRGB","contentLength":638577,"mimeType":"image\/jpeg","name":"Cavity","physicalSize":"1x1","resolution":"2048x2048","tier":2,"type":"cavity","uri":"tier_2\/uegjcflia_2K_Cavity.jpg"},{"bitDepth":32,"colorSpace":"sRGB","contentLength":4161826,"mimeType":"image\/x-exr","name":"Cavity","physicalSize":"1x1","resolution":"1024x1024","tier":3,"type":"cavity","uri":"tier_3\/uegjcflia_1K_Cavity.exr"},{"bitDepth":8,"colorSpace":"sRGB","contentLength":223996,"mimeType":"image\/jpeg","name":"Cavity","physicalSize":"1x1","resolution":"1024x1024","tier":3,"type":"cavity","uri":"tier_3\/uegjcflia_1K_Cavity.jpg"},{"bitDepth":32,"colorSpace":"Linear","contentLength":26983493,"mimeType":"image\/x-exr","name":"Normal","physicalSize":"1x1","resolution":"4096x4096","tier":0,"type":"normal","uri":"tier_0\/uegjcflia_4K_Normal.exr"},{"bitDepth":8,"colorSpace":"Linear","contentLength":2353710,"mimeType":"image\/jpeg","name":"Normal","physicalSize":"1x1","resolution":"4096x4096","tier":0,"type":"normal","uri":"tier_0\/uegjcflia_4K_Normal.jpg"},{"bitDepth":32,"colorSpace":"Linear","contentLength":26983493,"mimeType":"image\/x-exr","name":"Normal","physicalSize":"1x1","resolution":"4096x4096","tier":1,"type":"normal","uri":"tier_1\/uegjcflia_4K_Normal.exr"},{"bitDepth":8,"colorSpace":"Linear","contentLength":2353710,"mimeType":"image\/jpeg","name":"Normal","physicalSize":"1x1","resolution":"4096x4096","tier":1,"type":"normal","uri":"tier_1\/uegjcflia_4K_Normal.jpg"},{"bitDepth":32,"colorSpace":"Linear","contentLength":15930933,"mimeType":"image\/x-exr","name":"Normal","physicalSize":"1x1","resolution":"2048x2048","tier":2,"type":"normal","uri":"tier_2\/uegjcflia_2K_Normal.exr"},{"bitDepth":8,"colorSpace":"Linear","contentLength":926745,"mimeType":"image\/jpeg","name":"Normal","physicalSize":"1x1","resolution":"2048x2048","tier":2,"type":"normal","uri":"tier_2\/uegjcflia_2K_Normal.jpg"},{"bitDepth":32,"colorSpace":"Linear","contentLength":4148174,"mimeType":"image\/x-exr","name":"Normal","physicalSize":"1x1","resolution":"1024x1024","tier":3,"type":"normal","uri":"tier_3\/uegjcflia_1K_Normal.exr"},{"bitDepth":8,"colorSpace":"Linear","contentLength":341899,"mimeType":"image\/jpeg","name":"Normal","physicalSize":"1x1","resolution":"1024x1024","tier":3,"type":"normal","uri":"tier_3\/uegjcflia_1K_Normal.jpg"},{"bitDepth":32,"colorSpace":"Linear","contentLength":4635485,"mimeType":"image\/x-exr","name":"Opacity","physicalSize":"1x1","resolution":"4096x4096","tier":0,"type":"opacity","uri":"tier_0\/uegjcflia_4K_Opacity.exr"},{"bitDepth":8,"colorSpace":"Linear","contentLength":2240697,"mimeType":"image\/jpeg","name":"Opacity","physicalSize":"1x1","resolution":"4096x4096","tier":0,"type":"opacity","uri":"tier_0\/uegjcflia_4K_Opacity.jpg"},{"bitDepth":32,"colorSpace":"Linear","contentLength":4635485,"mimeType":"image\/x-exr","name":"Opacity","physicalSize":"1x1","resolution":"4096x4096","tier":1,"type":"opacity","uri":"tier_1\/uegjcflia_4K_Opacity.exr"},{"bitDepth":8,"colorSpace":"Linear","contentLength":2240697,"mimeType":"image\/jpeg","name":"Opacity","physicalSize":"1x1","resolution":"4096x4096","tier":1,"type":"opacity","uri":"tier_1\/uegjcflia_4K_Opacity.jpg"},{"bitDepth":32,"colorSpace":"Linear","contentLength":3368085,"mimeType":"image\/x-exr","name":"Opacity","physicalSize":"1x1","resolution":"2048x2048","tier":2,"type":"opacity","uri":"tier_2\/uegjcflia_2K_Opacity.exr"},{"bitDepth":8,"colorSpace":"Linear","contentLength":1043448,"mimeType":"image\/jpeg","name":"Opacity","physicalSize":"1x1","resolution":"2048x2048","tier":2,"type":"opacity","uri":"tier_2\/uegjcflia_2K_Opacity.jpg"},{"bitDepth":32,"colorSpace":"Linear","contentLength":943261,"mimeType":"image\/x-exr","name":"Opacity","physicalSize":"1x1","resolution":"1024x1024","tier":3,"type":"opacity","uri":"tier_3\/uegjcflia_1K_Opacity.exr"},{"bitDepth":8,"colorSpace":"Linear","contentLength":463480,"mimeType":"image\/jpeg","name":"Opacity","physicalSize":"1x1","resolution":"1024x1024","tier":3,"type":"opacity","uri":"tier_3\/uegjcflia_1K_Opacity.jpg"},{"bitDepth":32,"colorSpace":"sRGB","contentLength":14200467,"mimeType":"image\/x-exr","name":"AO","physicalSize":"1x1","resolution":"4096x4096","tier":0,"type":"ao","uri":"tier_0\/uegjcflia_4K_AO.exr"},{"bitDepth":8,"colorSpace":"sRGB","contentLength":1576499,"mimeType":"image\/jpeg","name":"AO","physicalSize":"1x1","resolution":"4096x4096","tier":0,"type":"ao","uri":"tier_0\/uegjcflia_4K_AO.jpg"},{"bitDepth":32,"colorSpace":"sRGB","contentLength":14200467,"mimeType":"image\/x-exr","name":"AO","physicalSize":"1x1","resolution":"4096x4096","tier":1,"type":"ao","uri":"tier_1\/uegjcflia_4K_AO.exr"},{"bitDepth":8,"colorSpace":"sRGB","contentLength":1576499,"mimeType":"image\/jpeg","name":"AO","physicalSize":"1x1","resolution":"4096x4096","tier":1,"type":"ao","uri":"tier_1\/uegjcflia_4K_AO.jpg"},{"bitDepth":32,"colorSpace":"sRGB","contentLength":16532510,"mimeType":"image\/x-exr","name":"AO","physicalSize":"1x1","resolution":"2048x2048","tier":2,"type":"ao","uri":"tier_2\/uegjcflia_2K_AO.exr"},{"bitDepth":8,"colorSpace":"sRGB","contentLength":541380,"mimeType":"image\/jpeg","name":"AO","physicalSize":"1x1","resolution":"2048x2048","tier":2,"type":"ao","uri":"tier_2\/uegjcflia_2K_AO.jpg"},{"bitDepth":32,"colorSpace":"sRGB","contentLength":4158617,"mimeType":"image\/x-exr","name":"AO","physicalSize":"1x1","resolution":"1024x1024","tier":3,"type":"ao","uri":"tier_3\/uegjcflia_1K_AO.exr"},{"bitDepth":8,"colorSpace":"sRGB","contentLength":190369,"mimeType":"image\/jpeg","name":"AO","physicalSize":"1x1","resolution":"1024x1024","tier":3,"type":"ao","uri":"tier_3\/uegjcflia_1K_AO.jpg"},{"bitDepth":32,"colorSpace":"sRGB","contentLength":19088333,"mimeType":"image\/x-exr","name":"Specular","physicalSize":"1x1","resolution":"4096x4096","tier":0,"type":"specular","uri":"tier_0\/uegjcflia_4K_Specular.exr"},{"bitDepth":8,"colorSpace":"sRGB","contentLength":775933,"mimeType":"image\/jpeg","name":"Specular","physicalSize":"1x1","resolution":"4096x4096","tier":0,"type":"specular","uri":"tier_0\/uegjcflia_4K_Specular.jpg"},{"bitDepth":32,"colorSpace":"sRGB","contentLength":19088333,"mimeType":"image\/x-exr","name":"Specular","physicalSize":"1x1","resolution":"4096x4096","tier":1,"type":"specular","uri":"tier_1\/uegjcflia_4K_Specular.exr"},{"bitDepth":8,"colorSpace":"sRGB","contentLength":775933,"mimeType":"image\/jpeg","name":"Specular","physicalSize":"1x1","resolution":"4096x4096","tier":1,"type":"specular","uri":"tier_1\/uegjcflia_4K_Specular.jpg"},{"bitDepth":32,"colorSpace":"sRGB","contentLength":16664361,"mimeType":"image\/x-exr","name":"Specular","physicalSize":"1x1","resolution":"2048x2048","tier":2,"type":"specular","uri":"tier_2\/uegjcflia_2K_Specular.exr"},{"bitDepth":8,"colorSpace":"sRGB","contentLength":271132,"mimeType":"image\/jpeg","name":"Specular","physicalSize":"1x1","resolution":"2048x2048","tier":2,"type":"specular","uri":"tier_2\/uegjcflia_2K_Specular.jpg"},{"bitDepth":32,"colorSpace":"sRGB","contentLength":4211479,"mimeType":"image\/x-exr","name":"Specular","physicalSize":"1x1","resolution":"1024x1024","tier":3,"type":"specular","uri":"tier_3\/uegjcflia_1K_Specular.exr"},{"bitDepth":8,"colorSpace":"sRGB","contentLength":93015,"mimeType":"image\/jpeg","name":"Specular","physicalSize":"1x1","resolution":"1024x1024","tier":3,"type":"specular","uri":"tier_3\/uegjcflia_1K_Specular.jpg"},{"bitDepth":32,"colorSpace":"Linear","contentLength":59096315,"mimeType":"image\/x-exr","name":"Bump","physicalSize":"1x1","resolution":"4096x4096","tier":0,"type":"bump","uri":"tier_0\/uegjcflia_4K_Bump.exr"},{"bitDepth":8,"colorSpace":"Linear","contentLength":2129807,"mimeType":"image\/jpeg","name":"Bump","physicalSize":"1x1","resolution":"4096x4096","tier":0,"type":"bump","uri":"tier_0\/uegjcflia_4K_Bump.jpg"},{"bitDepth":32,"colorSpace":"Linear","contentLength":59096315,"mimeType":"image\/x-exr","name":"Bump","physicalSize":"1x1","resolution":"4096x4096","tier":1,"type":"bump","uri":"tier_1\/uegjcflia_4K_Bump.exr"},{"bitDepth":8,"colorSpace":"Linear","contentLength":2129807,"mimeType":"image\/jpeg","name":"Bump","physicalSize":"1x1","resolution":"4096x4096","tier":1,"type":"bump","uri":"tier_1\/uegjcflia_4K_Bump.jpg"},{"bitDepth":32,"colorSpace":"Linear","contentLength":16244316,"mimeType":"image\/x-exr","name":"Bump","physicalSize":"1x1","resolution":"2048x2048","tier":2,"type":"bump","uri":"tier_2\/uegjcflia_2K_Bump.exr"},{"bitDepth":8,"colorSpace":"Linear","contentLength":747223,"mimeType":"image\/jpeg","name":"Bump","physicalSize":"1x1","resolution":"2048x2048","tier":2,"type":"bump","uri":"tier_2\/uegjcflia_2K_Bump.jpg"},{"bitDepth":32,"colorSpace":"Linear","contentLength":4139567,"mimeType":"image\/x-exr","name":"Bump","physicalSize":"1x1","resolution":"1024x1024","tier":3,"type":"bump","uri":"tier_3\/uegjcflia_1K_Bump.exr"},{"bitDepth":8,"colorSpace":"Linear","contentLength":258331,"mimeType":"image\/jpeg","name":"Bump","physicalSize":"1x1","resolution":"1024x1024","tier":3,"type":"bump","uri":"tier_3\/uegjcflia_1K_Bump.jpg"},{"bitDepth":32,"colorSpace":"Linear","contentLength":22881995,"mimeType":"image\/x-exr","name":"Roughness","physicalSize":"1x1","resolution":"4096x4096","tier":0,"type":"roughness","uri":"tier_0\/uegjcflia_4K_Roughness.exr"},{"bitDepth":8,"colorSpace":"Linear","contentLength":1849914,"mimeType":"image\/jpeg","name":"Roughness","physicalSize":"1x1","resolution":"4096x4096","tier":0,"type":"roughness","uri":"tier_0\/uegjcflia_4K_Roughness.jpg"},{"bitDepth":32,"colorSpace":"Linear","contentLength":22881995,"mimeType":"image\/x-exr","name":"Roughness","physicalSize":"1x1","resolution":"4096x4096","tier":1,"type":"roughness","uri":"tier_1\/uegjcflia_4K_Roughness.exr"},{"bitDepth":8,"colorSpace":"Linear","contentLength":1849914,"mimeType":"image\/jpeg","name":"Roughness","physicalSize":"1x1","resolution":"4096x4096","tier":1,"type":"roughness","uri":"tier_1\/uegjcflia_4K_Roughness.jpg"},{"bitDepth":32,"colorSpace":"Linear","contentLength":16550395,"mimeType":"image\/x-exr","name":"Roughness","physicalSize":"1x1","resolution":"2048x2048","tier":2,"type":"roughness","uri":"tier_2\/uegjcflia_2K_Roughness.exr"},{"bitDepth":8,"colorSpace":"Linear","contentLength":648005,"mimeType":"image\/jpeg","name":"Roughness","physicalSize":"1x1","resolution":"2048x2048","tier":2,"type":"roughness","uri":"tier_2\/uegjcflia_2K_Roughness.jpg"},{"bitDepth":32,"colorSpace":"Linear","contentLength":4160240,"mimeType":"image\/x-exr","name":"Roughness","physicalSize":"1x1","resolution":"1024x1024","tier":3,"type":"roughness","uri":"tier_3\/uegjcflia_1K_Roughness.exr"},{"bitDepth":8,"colorSpace":"Linear","contentLength":216602,"mimeType":"image\/jpeg","name":"Roughness","physicalSize":"1x1","resolution":"1024x1024","tier":3,"type":"roughness","uri":"tier_3\/uegjcflia_1K_Roughness.jpg"},{"bitDepth":32,"colorSpace":"Linear","contentLength":64581530,"mimeType":"image\/x-exr","name":"Displacement","physicalSize":"1x1","resolution":"4096x4096","tier":0,"type":"displacement","uri":"tier_0\/uegjcflia_4K_Displacement.exr"},{"bitDepth":8,"colorSpace":"Linear","contentLength":1580483,"mimeType":"image\/jpeg","name":"Displacement","physicalSize":"1x1","resolution":"4096x4096","tier":0,"type":"displacement","uri":"tier_0\/uegjcflia_4K_Displacement.jpg"},{"bitDepth":32,"colorSpace":"Linear","contentLength":64581530,"mimeType":"image\/x-exr","name":"Displacement","physicalSize":"1x1","resolution":"4096x4096","tier":1,"type":"displacement","uri":"tier_1\/uegjcflia_4K_Displacement.exr"},{"bitDepth":8,"colorSpace":"Linear","contentLength":1580483,"mimeType":"image\/jpeg","name":"Displacement","physicalSize":"1x1","resolution":"4096x4096","tier":1,"type":"displacement","uri":"tier_1\/uegjcflia_4K_Displacement.jpg"},{"bitDepth":32,"colorSpace":"Linear","contentLength":16541299,"mimeType":"image\/x-exr","name":"Displacement","physicalSize":"1x1","resolution":"2048x2048","tier":2,"type":"displacement","uri":"tier_2\/uegjcflia_2K_Displacement.exr"},{"bitDepth":8,"colorSpace":"Linear","contentLength":550757,"mimeType":"image\/jpeg","name":"Displacement","physicalSize":"1x1","resolution":"2048x2048","tier":2,"type":"displacement","uri":"tier_2\/uegjcflia_2K_Displacement.jpg"},{"bitDepth":32,"colorSpace":"Linear","contentLength":4166243,"mimeType":"image\/x-exr","name":"Displacement","physicalSize":"1x1","resolution":"1024x1024","tier":3,"type":"displacement","uri":"tier_3\/uegjcflia_1K_Displacement.exr"},{"bitDepth":8,"colorSpace":"Linear","contentLength":191299,"mimeType":"image\/jpeg","name":"Displacement","physicalSize":"1x1","resolution":"1024x1024","tier":3,"type":"displacement","uri":"tier_3\/uegjcflia_1K_Displacement.jpg"},{"bitDepth":32,"colorSpace":"Linear","contentLength":72308435,"mimeType":"image\/x-exr","name":"Translucency","physicalSize":"1x1","resolution":"4096x4096","tier":0,"type":"translucency","uri":"tier_0\/uegjcflia_4K_Translucency.exr"},{"bitDepth":8,"colorSpace":"Linear","contentLength":3099174,"mimeType":"image\/jpeg","name":"Translucency","physicalSize":"1x1","resolution":"4096x4096","tier":0,"type":"translucency","uri":"tier_0\/uegjcflia_4K_Translucency.jpg"},{"bitDepth":32,"colorSpace":"Linear","contentLength":72308435,"mimeType":"image\/x-exr","name":"Translucency","physicalSize":"1x1","resolution":"4096x4096","tier":1,"type":"translucency","uri":"tier_1\/uegjcflia_4K_Translucency.exr"},{"bitDepth":8,"colorSpace":"Linear","contentLength":3099174,"mimeType":"image\/jpeg","name":"Translucency","physicalSize":"1x1","resolution":"4096x4096","tier":1,"type":"translucency","uri":"tier_1\/uegjcflia_4K_Translucency.jpg"},{"bitDepth":32,"colorSpace":"Linear","contentLength":46992971,"mimeType":"image\/x-exr","name":"Translucency","physicalSize":"1x1","resolution":"2048x2048","tier":2,"type":"translucency","uri":"tier_2\/uegjcflia_2K_Translucency.exr"},{"bitDepth":8,"colorSpace":"Linear","contentLength":1104585,"mimeType":"image\/jpeg","name":"Translucency","physicalSize":"1x1","resolution":"2048x2048","tier":2,"type":"translucency","uri":"tier_2\/uegjcflia_2K_Translucency.jpg"},{"bitDepth":32,"colorSpace":"Linear","contentLength":11910446,"mimeType":"image\/x-exr","name":"Translucency","physicalSize":"1x1","resolution":"1024x1024","tier":3,"type":"translucency","uri":"tier_3\/uegjcflia_1K_Translucency.exr"},{"bitDepth":8,"colorSpace":"Linear","contentLength":390505,"mimeType":"image\/jpeg","name":"Translucency","physicalSize":"1x1","resolution":"1024x1024","tier":3,"type":"translucency","uri":"tier_3\/uegjcflia_1K_Translucency.jpg"},{"bitDepth":32,"colorSpace":"Linear","contentLength":23797535,"mimeType":"image\/x-exr","name":"Gloss","physicalSize":"1x1","resolution":"4096x4096","tier":0,"type":"gloss","uri":"tier_0\/uegjcflia_4K_Gloss.exr"},{"bitDepth":8,"colorSpace":"Linear","contentLength":1852066,"mimeType":"image\/jpeg","name":"Gloss","physicalSize":"1x1","resolution":"4096x4096","tier":0,"type":"gloss","uri":"tier_0\/uegjcflia_4K_Gloss.jpg"},{"bitDepth":32,"colorSpace":"Linear","contentLength":23797535,"mimeType":"image\/x-exr","name":"Gloss","physicalSize":"1x1","resolution":"4096x4096","tier":1,"type":"gloss","uri":"tier_1\/uegjcflia_4K_Gloss.exr"},{"bitDepth":8,"colorSpace":"Linear","contentLength":1852066,"mimeType":"image\/jpeg","name":"Gloss","physicalSize":"1x1","resolution":"4096x4096","tier":1,"type":"gloss","uri":"tier_1\/uegjcflia_4K_Gloss.jpg"},{"bitDepth":32,"colorSpace":"Linear","contentLength":16690600,"mimeType":"image\/x-exr","name":"Gloss","physicalSize":"1x1","resolution":"2048x2048","tier":2,"type":"gloss","uri":"tier_2\/uegjcflia_2K_Gloss.exr"},{"bitDepth":8,"colorSpace":"Linear","contentLength":648688,"mimeType":"image\/jpeg","name":"Gloss","physicalSize":"1x1","resolution":"2048x2048","tier":2,"type":"gloss","uri":"tier_2\/uegjcflia_2K_Gloss.jpg"},{"bitDepth":32,"colorSpace":"Linear","contentLength":4187951,"mimeType":"image\/x-exr","name":"Gloss","physicalSize":"1x1","resolution":"1024x1024","tier":3,"type":"gloss","uri":"tier_3\/uegjcflia_1K_Gloss.exr"},{"bitDepth":8,"colorSpace":"Linear","contentLength":216705,"mimeType":"image\/jpeg","name":"Gloss","physicalSize":"1x1","resolution":"1024x1024","tier":3,"type":"gloss","uri":"tier_3\/uegjcflia_1K_Gloss.jpg"},{"bitDepth":32,"colorSpace":"sRGB","contentLength":57600583,"mimeType":"image\/x-exr","name":"Basecolor","physicalSize":"1x1","resolution":"4096x4096","tier":0,"type":"basecolor","uri":"tier_0\/uegjcflia_4K_Basecolor.exr"},{"bitDepth":8,"colorSpace":"sRGB","contentLength":3353405,"mimeType":"image\/jpeg","name":"Basecolor","physicalSize":"1x1","resolution":"4096x4096","tier":0,"type":"basecolor","uri":"tier_0\/uegjcflia_4K_Basecolor.jpg"},{"bitDepth":32,"colorSpace":"sRGB","contentLength":57600583,"mimeType":"image\/x-exr","name":"Basecolor","physicalSize":"1x1","resolution":"4096x4096","tier":1,"type":"basecolor","uri":"tier_1\/uegjcflia_4K_Basecolor.exr"},{"bitDepth":8,"colorSpace":"sRGB","contentLength":3353405,"mimeType":"image\/jpeg","name":"Basecolor","physicalSize":"1x1","resolution":"4096x4096","tier":1,"type":"basecolor","uri":"tier_1\/uegjcflia_4K_Basecolor.jpg"},{"bitDepth":32,"colorSpace":"sRGB","contentLength":47329256,"mimeType":"image\/x-exr","name":"Basecolor","physicalSize":"1x1","resolution":"2048x2048","tier":2,"type":"basecolor","uri":"tier_2\/uegjcflia_2K_Basecolor.exr"},{"bitDepth":8,"colorSpace":"sRGB","contentLength":1176267,"mimeType":"image\/jpeg","name":"Basecolor","physicalSize":"1x1","resolution":"2048x2048","tier":2,"type":"basecolor","uri":"tier_2\/uegjcflia_2K_Basecolor.jpg"},{"bitDepth":32,"colorSpace":"sRGB","contentLength":11951344,"mimeType":"image\/x-exr","name":"Basecolor","physicalSize":"1x1","resolution":"1024x1024","tier":3,"type":"basecolor","uri":"tier_3\/uegjcflia_1K_Basecolor.exr"},{"bitDepth":8,"colorSpace":"sRGB","contentLength":405294,"mimeType":"image\/jpeg","name":"Basecolor","physicalSize":"1x1","resolution":"1024x1024","tier":3,"type":"basecolor","uri":"tier_3\/uegjcflia_1K_Basecolor.jpg"}],"material_params":{"billboard":[{"Name":"is Camera Facing Billboard","Value":true},{"Name":"is Billboard","Value":true},{"Name":"Tint Translucency","Value":true},{"Name":"Base Color Controls","Value":[0.8999999761581421,0.6000000238418579,1.25,0]},{"Name":"Translucency Tint","Value":[0.44116199016571045,0.609375,0.450221985578537,1]},{"Name":"Translucency Controls","Value":[1,3,0.6000000238418579,0]}],"material":[{"Name":"Tint Translucency","Value":true},{"Name":"use Growth Effect","Value":false},{"Name":"Base Color Controls","Value":[0.8999999761581421,0.6000000238418579,1.25,0]},{"Name":"Translucency Tint","Value":[0.44116199016571045,0.609375,0.450221985578537,1]},{"Name":"Translucency Controls","Value":[1,3,0.6000000238418579,0]}]},"meta":[{"key":"cameraFacingBillboard","name":"CameraFacingBillboard","value":true},{"key":"tierLods","name":"TierLods","value":[{"lods":["High"],"tier":0},{"lods":["LOD0","LOD2","LOD3"],"tier":1},{"lods":["LOD1","LOD2","LOD3"],"tier":2},{"lods":["LOD1","LOD2","LOD3"],"tier":3}]}],"models":[{"contentLength":442048,"lod":0,"mimeType":"application\/x-fbx","tier":0,"tris":8591,"type":"lod","uri":"tier_0\/uegjcflia_VarA_LOD0.fbx","variation":1},{"contentLength":1498320,"lod":0,"mimeType":"application\/x-fbx","tier":0,"tris":32645,"type":"lod","uri":"tier_0\/uegjcflia_VarB_LOD0.fbx","variation":2},{"contentLength":437392,"lod":0,"mimeType":"application\/x-fbx","tier":0,"tris":8083,"type":"lod","uri":"tier_0\/uegjcflia_VarC_LOD0.fbx","variation":3},{"contentLength":606128,"lod":0,"mimeType":"application\/x-fbx","tier":0,"tris":12511,"type":"lod","uri":"tier_0\/uegjcflia_VarD_LOD0.fbx","variation":4},{"contentLength":757920,"lod":0,"mimeType":"application\/x-fbx","tier":0,"tris":16618,"type":"lod","uri":"tier_0\/uegjcflia_VarE_LOD0.fbx","variation":5},{"contentLength":933296,"lod":0,"mimeType":"application\/x-fbx","tier":0,"tris":19218,"type":"lod","uri":"tier_0\/uegjcflia_VarF_LOD0.fbx","variation":6},{"contentLength":885456,"lod":0,"mimeType":"application\/x-fbx","tier":0,"tris":18190,"type":"lod","uri":"tier_0\/uegjcflia_VarG_LOD0.fbx","variation":7},{"contentLength":1128896,"lod":0,"mimeType":"application\/x-fbx","tier":0,"tris":22929,"type":"lod","uri":"tier_0\/uegjcflia_VarH_LOD0.fbx","variation":8},{"contentLength":49856,"lod":0,"mimeType":"application\/x-fbx","tier":1,"tris":264,"type":"lod","uri":"tier_1\/uegjcflia_VarA_LOD0.fbx","variation":1},{"contentLength":35568,"lod":1,"mimeType":"application\/x-fbx","tier":1,"tris":103,"type":"lod","uri":"tier_1\/uegjcflia_VarA_LOD1.fbx","variation":1},{"contentLength":21376,"lod":2,"mimeType":"application\/x-fbx","tier":1,"tris":2,"type":"lod","uri":"tier_1\/uegjcflia_VarA_LOD2.fbx","variation":1},{"contentLength":127440,"lod":0,"mimeType":"application\/x-fbx","tier":1,"tris":996,"type":"lod","uri":"tier_1\/uegjcflia_VarB_LOD0.fbx","variation":2},{"contentLength":80720,"lod":1,"mimeType":"application\/x-fbx","tier":1,"tris":495,"type":"lod","uri":"tier_1\/uegjcflia_VarB_LOD1.fbx","variation":2},{"contentLength":21552,"lod":2,"mimeType":"application\/x-fbx","tier":1,"tris":3,"type":"lod","uri":"tier_1\/uegjcflia_VarB_LOD2.fbx","variation":2},{"contentLength":38816,"lod":0,"mimeType":"application\/x-fbx","tier":1,"tris":131,"type":"lod","uri":"tier_1\/uegjcflia_VarC_LOD0.fbx","variation":3},{"contentLength":38672,"lod":1,"mimeType":"application\/x-fbx","tier":1,"tris":64,"type":"lod","uri":"tier_1\/uegjcflia_VarC_LOD1.fbx","variation":3},{"contentLength":21376,"lod":2,"mimeType":"application\/x-fbx","tier":1,"tris":2,"type":"lod","uri":"tier_1\/uegjcflia_VarC_LOD2.fbx","variation":3},{"contentLength":58432,"lod":0,"mimeType":"application\/x-fbx","tier":1,"tris":314,"type":"lod","uri":"tier_1\/uegjcflia_VarD_LOD0.fbx","variation":4},{"contentLength":42480,"lod":1,"mimeType":"application\/x-fbx","tier":1,"tris":148,"type":"lod","uri":"tier_1\/uegjcflia_VarD_LOD1.fbx","variation":4},{"contentLength":21376,"lod":2,"mimeType":"application\/x-fbx","tier":1,"tris":2,"type":"lod","uri":"tier_1\/uegjcflia_VarD_LOD2.fbx","variation":4},{"contentLength":71328,"lod":0,"mimeType":"application\/x-fbx","tier":1,"tris":432,"type":"lod","uri":"tier_1\/uegjcflia_VarE_LOD0.fbx","variation":5},{"contentLength":51280,"lod":1,"mimeType":"application\/x-fbx","tier":1,"tris":211,"type":"lod","uri":"tier_1\/uegjcflia_VarE_LOD1.fbx","variation":5},{"contentLength":21376,"lod":2,"mimeType":"application\/x-fbx","tier":1,"tris":2,"type":"lod","uri":"tier_1\/uegjcflia_VarE_LOD2.fbx","variation":5},{"contentLength":74368,"lod":0,"mimeType":"application\/x-fbx","tier":1,"tris":471,"type":"lod","uri":"tier_1\/uegjcflia_VarF_LOD0.fbx","variation":6},{"contentLength":52448,"lod":1,"mimeType":"application\/x-fbx","tier":1,"tris":227,"type":"lod","uri":"tier_1\/uegjcflia_VarF_LOD1.fbx","variation":6},{"contentLength":21552,"lod":2,"mimeType":"application\/x-fbx","tier":1,"tris":3,"type":"lod","uri":"tier_1\/uegjcflia_VarF_LOD2.fbx","variation":6},{"contentLength":74288,"lod":0,"mimeType":"application\/x-fbx","tier":1,"tris":492,"type":"lod","uri":"tier_1\/uegjcflia_VarG_LOD0.fbx","variation":7},{"contentLength":53920,"lod":1,"mimeType":"application\/x-fbx","tier":1,"tris":253,"type":"lod","uri":"tier_1\/uegjcflia_VarG_LOD1.fbx","variation":7},{"contentLength":21376,"lod":2,"mimeType":"application\/x-fbx","tier":1,"tris":2,"type":"lod","uri":"tier_1\/uegjcflia_VarG_LOD2.fbx","variation":7},{"contentLength":73344,"lod":0,"mimeType":"application\/x-fbx","tier":1,"tris":430,"type":"lod","uri":"tier_1\/uegjcflia_VarH_LOD0.fbx","variation":8},{"contentLength":48688,"lod":1,"mimeType":"application\/x-fbx","tier":1,"tris":194,"type":"lod","uri":"tier_1\/uegjcflia_VarH_LOD1.fbx","variation":8},{"contentLength":21712,"lod":2,"mimeType":"application\/x-fbx","tier":1,"tris":4,"type":"lod","uri":"tier_1\/uegjcflia_VarH_LOD2.fbx","variation":8},{"contentLength":42912,"lod":0,"mimeType":"application\/x-fbx","tier":2,"tris":187,"type":"lod","uri":"tier_2\/uegjcflia_VarA_LOD0.fbx","variation":1},{"contentLength":35568,"lod":1,"mimeType":"application\/x-fbx","tier":2,"tris":103,"type":"lod","uri":"tier_2\/uegjcflia_VarA_LOD1.fbx","variation":1},{"contentLength":21376,"lod":2,"mimeType":"application\/x-fbx","tier":2,"tris":2,"type":"lod","uri":"tier_2\/uegjcflia_VarA_LOD2.fbx","variation":1},{"contentLength":102800,"lod":0,"mimeType":"application\/x-fbx","tier":2,"tris":746,"type":"lod","uri":"tier_2\/uegjcflia_VarB_LOD0.fbx","variation":2},{"contentLength":80720,"lod":1,"mimeType":"application\/x-fbx","tier":2,"tris":495,"type":"lod","uri":"tier_2\/uegjcflia_VarB_LOD1.fbx","variation":2},{"contentLength":21552,"lod":2,"mimeType":"application\/x-fbx","tier":2,"tris":3,"type":"lod","uri":"tier_2\/uegjcflia_VarB_LOD2.fbx","variation":2},{"contentLength":43232,"lod":0,"mimeType":"application\/x-fbx","tier":2,"tris":93,"type":"lod","uri":"tier_2\/uegjcflia_VarC_LOD0.fbx","variation":3},{"contentLength":38672,"lod":1,"mimeType":"application\/x-fbx","tier":2,"tris":64,"type":"lod","uri":"tier_2\/uegjcflia_VarC_LOD1.fbx","variation":3},{"contentLength":21376,"lod":2,"mimeType":"application\/x-fbx","tier":2,"tris":2,"type":"lod","uri":"tier_2\/uegjcflia_VarC_LOD2.fbx","variation":3},{"contentLength":49760,"lod":0,"mimeType":"application\/x-fbx","tier":2,"tris":221,"type":"lod","uri":"tier_2\/uegjcflia_VarD_LOD0.fbx","variation":4},{"contentLength":42480,"lod":1,"mimeType":"application\/x-fbx","tier":2,"tris":148,"type":"lod","uri":"tier_2\/uegjcflia_VarD_LOD1.fbx","variation":4},{"contentLength":21376,"lod":2,"mimeType":"application\/x-fbx","tier":2,"tris":2,"type":"lod","uri":"tier_2\/uegjcflia_VarD_LOD2.fbx","variation":4},{"contentLength":58864,"lod":0,"mimeType":"application\/x-fbx","tier":2,"tris":306,"type":"lod","uri":"tier_2\/uegjcflia_VarE_LOD0.fbx","variation":5},{"contentLength":51280,"lod":1,"mimeType":"application\/x-fbx","tier":2,"tris":211,"type":"lod","uri":"tier_2\/uegjcflia_VarE_LOD1.fbx","variation":5},{"contentLength":21376,"lod":2,"mimeType":"application\/x-fbx","tier":2,"tris":2,"type":"lod","uri":"tier_2\/uegjcflia_VarE_LOD2.fbx","variation":5},{"contentLength":59824,"lod":0,"mimeType":"application\/x-fbx","tier":2,"tris":329,"type":"lod","uri":"tier_2\/uegjcflia_VarF_LOD0.fbx","variation":6},{"contentLength":52448,"lod":1,"mimeType":"application\/x-fbx","tier":2,"tris":227,"type":"lod","uri":"tier_2\/uegjcflia_VarF_LOD1.fbx","variation":6},{"contentLength":21552,"lod":2,"mimeType":"application\/x-fbx","tier":2,"tris":3,"type":"lod","uri":"tier_2\/uegjcflia_VarF_LOD2.fbx","variation":6},{"contentLength":63664,"lod":0,"mimeType":"application\/x-fbx","tier":2,"tris":386,"type":"lod","uri":"tier_2\/uegjcflia_VarG_LOD0.fbx","variation":7},{"contentLength":53920,"lod":1,"mimeType":"application\/x-fbx","tier":2,"tris":253,"type":"lod","uri":"tier_2\/uegjcflia_VarG_LOD1.fbx","variation":7},{"contentLength":21376,"lod":2,"mimeType":"application\/x-fbx","tier":2,"tris":2,"type":"lod","uri":"tier_2\/uegjcflia_VarG_LOD2.fbx","variation":7},{"contentLength":58768,"lod":0,"mimeType":"application\/x-fbx","tier":2,"tris":295,"type":"lod","uri":"tier_2\/uegjcflia_VarH_LOD0.fbx","variation":8},{"contentLength":48688,"lod":1,"mimeType":"application\/x-fbx","tier":2,"tris":194,"type":"lod","uri":"tier_2\/uegjcflia_VarH_LOD1.fbx","variation":8},{"contentLength":21712,"lod":2,"mimeType":"application\/x-fbx","tier":2,"tris":4,"type":"lod","uri":"tier_2\/uegjcflia_VarH_LOD2.fbx","variation":8},{"contentLength":42912,"lod":0,"mimeType":"application\/x-fbx","tier":3,"tris":187,"type":"lod","uri":"tier_3\/uegjcflia_VarA_LOD0.fbx","variation":1},{"contentLength":35568,"lod":1,"mimeType":"application\/x-fbx","tier":3,"tris":103,"type":"lod","uri":"tier_3\/uegjcflia_VarA_LOD1.fbx","variation":1},{"contentLength":21376,"lod":2,"mimeType":"application\/x-fbx","tier":3,"tris":2,"type":"lod","uri":"tier_3\/uegjcflia_VarA_LOD2.fbx","variation":1},{"contentLength":102800,"lod":0,"mimeType":"application\/x-fbx","tier":3,"tris":746,"type":"lod","uri":"tier_3\/uegjcflia_VarB_LOD0.fbx","variation":2},{"contentLength":80720,"lod":1,"mimeType":"application\/x-fbx","tier":3,"tris":495,"type":"lod","uri":"tier_3\/uegjcflia_VarB_LOD1.fbx","variation":2},{"contentLength":21552,"lod":2,"mimeType":"application\/x-fbx","tier":3,"tris":3,"type":"lod","uri":"tier_3\/uegjcflia_VarB_LOD2.fbx","variation":2},{"contentLength":43232,"lod":0,"mimeType":"application\/x-fbx","tier":3,"tris":93,"type":"lod","uri":"tier_3\/uegjcflia_VarC_LOD0.fbx","variation":3},{"contentLength":38672,"lod":1,"mimeType":"application\/x-fbx","tier":3,"tris":64,"type":"lod","uri":"tier_3\/uegjcflia_VarC_LOD1.fbx","variation":3},{"contentLength":21376,"lod":2,"mimeType":"application\/x-fbx","tier":3,"tris":2,"type":"lod","uri":"tier_3\/uegjcflia_VarC_LOD2.fbx","variation":3},{"contentLength":49760,"lod":0,"mimeType":"application\/x-fbx","tier":3,"tris":221,"type":"lod","uri":"tier_3\/uegjcflia_VarD_LOD0.fbx","variation":4},{"contentLength":42480,"lod":1,"mimeType":"application\/x-fbx","tier":3,"tris":148,"type":"lod","uri":"tier_3\/uegjcflia_VarD_LOD1.fbx","variation":4},{"contentLength":21376,"lod":2,"mimeType":"application\/x-fbx","tier":3,"tris":2,"type":"lod","uri":"tier_3\/uegjcflia_VarD_LOD2.fbx","variation":4},{"contentLength":58864,"lod":0,"mimeType":"application\/x-fbx","tier":3,"tris":306,"type":"lod","uri":"tier_3\/uegjcflia_VarE_LOD0.fbx","variation":5},{"contentLength":51280,"lod":1,"mimeType":"application\/x-fbx","tier":3,"tris":211,"type":"lod","uri":"tier_3\/uegjcflia_VarE_LOD1.fbx","variation":5},{"contentLength":21376,"lod":2,"mimeType":"application\/x-fbx","tier":3,"tris":2,"type":"lod","uri":"tier_3\/uegjcflia_VarE_LOD2.fbx","variation":5},{"contentLength":59824,"lod":0,"mimeType":"application\/x-fbx","tier":3,"tris":329,"type":"lod","uri":"tier_3\/uegjcflia_VarF_LOD0.fbx","variation":6},{"contentLength":52448,"lod":1,"mimeType":"application\/x-fbx","tier":3,"tris":227,"type":"lod","uri":"tier_3\/uegjcflia_VarF_LOD1.fbx","variation":6},{"contentLength":21552,"lod":2,"mimeType":"application\/x-fbx","tier":3,"tris":3,"type":"lod","uri":"tier_3\/uegjcflia_VarF_LOD2.fbx","variation":6},{"contentLength":63664,"lod":0,"mimeType":"application\/x-fbx","tier":3,"tris":386,"type":"lod","uri":"tier_3\/uegjcflia_VarG_LOD0.fbx","variation":7},{"contentLength":53920,"lod":1,"mimeType":"application\/x-fbx","tier":3,"tris":253,"type":"lod","uri":"tier_3\/uegjcflia_VarG_LOD1.fbx","variation":7},{"contentLength":21376,"lod":2,"mimeType":"application\/x-fbx","tier":3,"tris":2,"type":"lod","uri":"tier_3\/uegjcflia_VarG_LOD2.fbx","variation":7},{"contentLength":58768,"lod":0,"mimeType":"application\/x-fbx","tier":3,"tris":295,"type":"lod","uri":"tier_3\/uegjcflia_VarH_LOD0.fbx","variation":8},{"contentLength":48688,"lod":1,"mimeType":"application\/x-fbx","tier":3,"tris":194,"type":"lod","uri":"tier_3\/uegjcflia_VarH_LOD1.fbx","variation":8},{"contentLength":21712,"lod":2,"mimeType":"application\/x-fbx","tier":3,"tris":4,"type":"lod","uri":"tier_3\/uegjcflia_VarH_LOD2.fbx","variation":8}],"name":"Matted Pratia","pack":{"_id":"wetland","name":"Wetland"},"physicalSize":null,"points":4,"previews":{"images":[{"contentLength":2107931,"resolution":"1920x1080","uri":"uegjcflia_layout.png"}],"relativeSize":"2x1","scaleReferences":[],"models":[{"contentLength":698000,"mimeType":"application\/x-fbx","tris":6909,"uri":"uegjcflia_layout.fbx"}]},"properties":[],"referencePreviews":{"maps":[],"models":[{"contentLength":698000,"mimeType":"application\/x-fbx","tris":6909,"uri":"uegjcflia_layout.fbx"}]},"references":[],"revised":false,"revision":0,"semanticTags":{"3d_mesh":"Open","architectural_style":{},"asset_type":"3D plant","contains":["trailing pratia","blue star creeper"],"country":"Australia","descriptive":["flowering","creeping","groundcover"],"environment":["grassland biome","tropical jungle biome","forest biome","rural"],"industry":["archviz","games","VFX"],"latin_name":"Lobelia pedunculata","locations":{"Oceania":{"Australia":{}}},"maxSize":0.27,"minSize":0.05,"name":"Matted Pratia","region":"Oceania","resolution":4096,"state":["old","new"],"subject_matter":"nature","theme":["swamps","lakes","ponds","river banks","stream banks","river margins"]},"tags":["swamps","lakes","ponds","river banks","stream banks","river margins","trailing pratia","blue star creeper","flowering","creeping","herbaceous","groundcover"],"ue_plugin_archives":[{"contentLength":27124055,"gltfVersion":"2.0","tier":0,"type":"gltf","uri":"ue_plugin_archives\/tier_0\/uegjcflia_tier_0.zip","version":1},{"contentLength":61038455,"gltfVersion":"2.0","tier":1,"type":"gltf","uri":"ue_plugin_archives\/tier_1\/uegjcflia_tier_1.zip","version":1},{"contentLength":20299190,"gltfVersion":"2.0","tier":2,"type":"gltf","uri":"ue_plugin_archives\/tier_2\/uegjcflia_tier_2.zip","version":1},{"contentLength":4778945,"gltfVersion":"2.0","tier":3,"type":"gltf","uri":"ue_plugin_archives\/tier_3\/uegjcflia_tier_3.zip","version":1}],"version":2}